Rk,Player,yr,Team,Lg,WAR,W,L,W-L%,ERA,G,GS,GF,CG,SHO,SV,IP,H,R,ER,HR,BB,IBB,SO,HBP,BK,WP,BF,ERA+,FIP,WHIP,H9,HR9,BB9,SO9,SO/BB,Awards
404,Jon Lester*,18,CHC,NL,2.7,18,6,0.75,3.32,32,32,0,0,0,0,181.2,174,75,67,24,64,1,149,6,0,4,761,125,4.39,1.31,8.6,1.2,3.2,7.4,2.33,9
650,Luis Severino,18,NYY,AL,4,19,8,0.704,3.39,32,32,0,1,1,0,191.1,173,76,72,19,46,0,220,5,0,8,780,124,2.95,1.145,8.1,0.9,2.2,10.3,4.78,9
184,Edwin Díaz,18,SEA,AL,3.1,0,4,0,1.96,73,0,65,0,0,57,73.1,41,17,16,5,17,0,124,6,1,3,280,208,1.61,0.791,5,0.6,2.1,15.2,7.29,8
228,Mike Foltynewicz,18,ATL,NL,4.3,13,10,0.565,2.85,31,31,0,2,1,0,183,130,65,58,17,68,3,202,6,2,7,744,143,3.37,1.082,6.4,0.8,3.3,9.9,2.97,8
296,Josh Hader*,18,MIL,NL,2.1,6,1,0.857,2.43,55,0,14,0,0,12,81.1,36,23,22,9,30,0,143,1,1,0,306,168,2.23,0.811,4,1,3.3,15.8,4.77,7
50,Trevor Bauer,18,CLE,AL,6,12,6,0.667,2.21,28,27,1,0,0,1,175.1,134,51,43,9,57,2,221,9,0,12,717,196,2.44,1.089,6.9,0.5,2.9,11.3,3.88,6
468,Miles Mikolas,18,STL,NL,5.1,18,4,0.818,2.83,32,32,0,1,1,0,200.2,186,70,63,16,29,4,146,7,1,2,808,137,3.28,1.071,8.3,0.7,1.3,6.5,5.03,6
725,Blake Treinen,18,OAK,AL,4.4,9,2,0.818,0.78,68,0,58,0,0,38,80.1,46,12,7,2,21,3,100,1,0,6,315,531,1.82,0.834,5.2,0.2,2.4,11.2,4.76,6
140,Gerrit Cole,18,HOU,AL,5.2,15,5,0.75,2.88,32,32,0,1,1,0,200.1,143,68,64,19,64,0,276,7,0,9,799,144,2.7,1.033,6.4,0.9,2.9,12.4,4.31,5
150,Patrick Corbin*,18,ARI,NL,4.4,11,7,0.611,3.15,33,33,0,1,1,0,200,162,70,70,15,48,3,246,5,0,8,800,133,2.47,1.05,7.3,0.7,2.2,11.1,5.13,5
231,Kyle Freeland*,18,COL,NL,7.8,17,7,0.708,2.85,33,33,0,0,0,0,202.1,182,64,64,17,70,2,173,6,0,2,844,166,3.67,1.245,8.1,0.8,3.1,7.7,2.47,4
631,Chris Sale*,18,BOS,AL,6.5,12,4,0.75,2.11,27,27,0,0,0,0,158,102,39,37,11,34,0,237,14,0,4,617,209,1.98,0.861,5.8,0.6,1.9,13.5,6.97,4
383,Corey Kluber,18,CLE,AL,6,20,7,0.741,2.89,33,33,0,2,1,0,215,179,75,69,25,34,0,222,3,0,2,842,150,3.12,0.991,7.5,1,1.4,9.3,6.53,3
506,Aaron Nola,18,PHI,NL,9.7,17,6,0.739,2.37,33,33,0,0,0,0,212.1,149,57,56,17,58,3,224,7,1,4,831,173,3.01,0.975,6.3,0.7,2.5,9.5,3.86,3
644,Max Scherzer,18,WSN,NL,7.9,18,7,0.72,2.53,33,33,0,2,1,0,220.2,150,66,62,23,51,4,300,12,1,4,866,168,2.65,0.911,6.1,0.9,2.1,12.2,5.88,2
749,Justin Verlander,18,HOU,AL,6.3,16,9,0.64,2.52,34,34,0,1,1,0,214,156,63,60,28,37,0,290,8,2,5,833,164,2.78,0.902,6.6,1.2,1.6,12.2,7.84,2
177,Jacob deGrom,18,NYM,NL,9.4,10,9,0.526,1.7,32,32,0,1,0,0,217,152,48,41,10,46,3,269,5,0,2,835,218,1.98,0.912,6.3,0.4,1.9,11.2,5.85,1
676,Blake Snell*,18,TBR,AL,7.1,21,5,0.808,1.89,31,31,0,0,0,0,180.2,112,41,38,16,64,2,221,1,0,13,700,217,2.94,0.974,5.6,0.8,3.2,11,3.45,1
1,Jason Adam,18,KCR,AL,-0.2,0,3,0,6.12,31,0,14,0,0,0,32.1,30,22,22,9,15,1,37,3,1,4,142,71,6.16,1.392,8.4,2.5,4.2,10.3,2.47,0
2,Austin Adams,18,WSN,NL,0.1,0,0,,0,2,0,0,0,0,0,1,1,0,0,0,3,0,0,0,0,0,7,,12.16,4,9,0,27,0,0,0
3,Chance Adams,18,NYY,AL,-0.2,0,1,0,7.04,3,1,1,0,0,0,7.2,8,7,6,3,4,0,4,0,0,0,34,62,8.77,1.565,9.4,3.5,4.7,4.7,1,0
4,Matt Albers,18,MIL,NL,-1.7,3,3,0.5,7.34,34,0,10,0,0,1,34.1,45,29,28,10,12,2,32,2,0,1,157,56,6.31,1.66,11.8,2.6,3.1,8.4,2.67,0
5,Sandy Alcantara,18,MIA,NL,0.6,2,3,0.4,3.44,6,6,0,0,0,0,34,25,13,13,3,23,0,30,2,0,0,146,113,4.75,1.412,6.6,0.8,6.1,7.9,1.3,0
6,Victor Alcántara,18,DET,AL,1,1,1,0.5,2.4,27,0,8,0,0,0,30,25,8,8,5,6,0,21,0,0,2,119,189,4.53,1.033,7.5,1.5,1.8,6.3,3.5,0
7,Scott Alexander*,18,LAD,NL,0.3,2,1,0.667,3.68,73,1,8,0,0,3,66,57,28,27,4,27,2,56,2,0,2,268,106,3.57,1.273,7.8,0.5,3.7,7.6,2.07,0
8,Kolby Allard*,18,ATL,NL,-0.6,1,1,0.5,12.38,3,1,0,0,0,0,8,19,12,11,3,4,0,3,1,1,0,47,34,9.16,2.875,21.4,3.4,4.5,3.4,0.75,0
9,Cody Allen,18,CLE,AL,0.1,4,6,0.4,4.7,70,0,45,0,0,27,67,58,35,35,11,33,2,80,4,0,3,289,92,4.56,1.358,7.8,1.5,4.4,10.7,2.42,0
10,Miguel Almonte,18,LAA,AL,-0.2,0,0,,10.29,8,0,4,0,0,0,7,9,8,8,1,3,0,7,1,0,1,34,43,4.73,1.714,11.6,1.3,3.9,9,2.33,0
11,Yency Almonte,18,COL,NL,0.4,0,0,,1.84,14,0,3,0,0,0,14.2,15,5,3,1,4,0,14,0,0,1,60,262,2.96,1.295,9.2,0.6,2.5,8.6,3.5,0
12,Dan Altavilla,18,SEA,AL,0.4,3,2,0.6,2.61,22,0,3,0,0,0,20.2,11,7,6,2,15,0,23,2,0,4,85,158,4.66,1.258,4.8,0.9,6.5,10,1.53,0
13,José Alvarado*,18,TBR,AL,1.5,1,6,0.143,2.39,70,0,17,0,0,8,64,42,21,17,1,29,4,80,1,0,2,263,172,2.27,1.109,5.9,0.1,4.1,11.3,2.76,0
14,José Álvarez*,18,LAA,AL,1.8,6,4,0.6,2.71,76,0,5,0,0,1,63,51,20,19,3,22,2,59,2,0,1,261,155,3.05,1.159,7.3,0.4,3.1,8.4,2.68,0
15,Brett Anderson*,18,OAK,AL,0.6,4,5,0.444,4.48,17,17,0,0,0,0,80.1,90,42,40,10,13,0,47,2,0,3,333,93,4.17,1.282,10.1,1.1,1.5,5.3,3.62,0
16,Chase Anderson,18,MIL,NL,1.1,9,8,0.529,3.93,30,30,0,0,0,0,158,131,71,69,30,57,0,128,7,0,1,644,104,5.22,1.19,7.5,1.7,3.2,7.3,2.25,0
17,Drew Anderson,18,PHI,NL,0.1,0,1,0,4.97,5,1,1,0,0,0,12.2,17,7,7,0,2,0,11,2,0,0,59,85,2.37,1.5,12.1,0,1.4,7.8,5.5,0
18,Justin Anderson,18,LAA,AL,0.5,3,3,0.5,4.07,57,0,10,0,0,4,55.1,42,25,25,3,40,3,67,4,1,9,241,104,3.83,1.482,6.8,0.5,6.5,10.9,1.68,0
19,Tanner Anderson,18,PIT,NL,-0.3,1,0,1,6.35,6,0,1,0,0,0,11.1,15,10,8,1,8,2,6,1,0,2,56,64,5.63,2.029,11.9,0.8,6.4,4.8,0.75,0
20,Tyler Anderson*,18,COL,NL,2.5,7,9,0.438,4.55,32,32,0,0,0,0,176,165,94,89,30,59,1,164,3,2,9,737,104,4.57,1.273,8.4,1.5,3,8.4,2.78,0
21,Matt Andriese,18,2TM,2LG,-1,3,7,0.3,5.26,41,5,13,0,0,0,78.2,84,51,46,15,25,5,78,2,0,3,340,79,4.69,1.386,9.6,1.7,2.9,8.9,3.12,0
22,Víctor Arano,18,PHI,NL,1.9,1,2,0.333,2.73,60,0,14,0,0,3,59.1,54,19,18,6,17,4,60,1,0,1,246,151,3.36,1.197,8.2,0.9,2.6,9.1,3.53,0
23,Pedro Araújo,18,BAL,AL,-0.5,1,3,0.25,7.71,20,0,8,0,0,0,28,29,24,24,9,18,0,29,2,0,1,130,56,7.41,1.679,9.3,2.9,5.8,9.3,1.61,0
24,Chris Archer,18,2TM,2LG,0.8,6,8,0.429,4.31,27,27,0,0,0,0,148.1,155,77,71,19,49,3,162,6,0,6,638,94,3.75,1.375,9.4,1.2,3,9.8,3.31,0
25,Francisco Arcia,18,LAA,AL,-0.1,0,0,,9,2,0,2,0,0,0,3,5,3,3,2,0,0,0,0,0,0,13,52,11.83,1.667,15,6,0,0,,0
26,Shawn Armstrong,18,SEA,AL,0.6,0,1,0,1.23,14,0,3,0,0,1,14.2,9,2,2,1,3,1,15,3,0,0,57,339,3.23,0.818,5.5,0.6,1.8,9.2,5,0
27,Jake Arrieta,18,PHI,NL,2.4,10,11,0.476,3.96,31,31,0,0,0,0,172.2,165,93,76,21,57,0,138,7,1,11,724,104,4.25,1.286,8.6,1.1,3,7.2,2.42,0
28,Alec Asher,18,MIL,NL,0.1,0,0,,0,2,0,1,0,0,0,3,2,0,0,0,1,0,2,0,0,0,13,,2.83,1,6,0,3,6,2,0
29,Willians Astudillo,18,MIN,AL,-0.2,0,0,,45,1,0,1,0,0,0,1,5,5,5,2,0,0,0,0,0,0,8,13,29.16,5,45,18,0,0,,0
30,Alex Avila,18,ARI,NL,0.1,0,0,,0,1,0,1,0,0,0,2,1,0,0,0,0,0,0,0,0,0,7,,3.16,0.5,4.5,0,0,0,,0
31,Luis Avilán*,18,2TM,2LG,0.4,2,1,0.667,3.77,70,0,8,0,0,2,45.1,44,22,19,3,18,3,51,2,0,2,197,113,3.09,1.368,8.7,0.6,3.6,10.1,2.83,0
32,John Axford,18,2TM,2LG,-0.1,4,1,0.8,5.27,50,1,12,0,0,0,54.2,52,35,32,6,22,1,54,3,0,6,233,81,3.98,1.354,8.6,1,3.6,8.9,2.45,0
33,Pedro Báez,18,LAD,NL,0.8,4,3,0.571,2.88,55,0,8,0,0,0,56.1,46,19,18,4,23,2,62,1,1,0,237,135,3.16,1.225,7.3,0.6,3.7,9.9,2.7,0
34,Sandy Báez,18,DET,AL,-0.2,0,0,,5.02,9,0,0,0,0,0,14.1,12,12,8,2,9,1,10,2,0,1,66,91,5.88,1.465,7.5,1.3,5.7,6.3,1.11,0
35,Homer Bailey,18,CIN,NL,-1.4,1,14,0.067,6.09,20,20,0,1,0,0,106.1,141,82,72,23,33,9,75,2,1,2,494,68,5.55,1.636,11.9,1.9,2.8,6.3,2.27,0
36,Anthony Banda*,18,TBR,AL,0.1,1,0,1,3.68,3,1,1,0,0,0,14.2,12,6,6,1,3,0,10,0,0,0,56,114,3.3,1.023,7.4,0.6,1.8,6.1,3.33,0
37,Johnny Barbato,18,DET,AL,-0.4,0,0,,12.15,7,0,4,0,0,0,6.2,11,9,9,3,5,1,2,1,0,2,36,39,11.11,2.4,14.9,4.1,6.8,2.7,0.4,0
38,Luke Bard,18,LAA,AL,0,0,0,,5.4,8,0,3,0,0,0,11.2,10,7,7,4,5,1,13,3,0,1,53,80,7.45,1.286,7.7,3.1,3.9,10,2.6,0
39,Scott Barlow,18,KCR,AL,0.2,1,1,0.5,3.6,6,0,3,0,0,0,15,16,7,6,2,3,0,15,0,0,0,65,123,3.49,1.267,9.6,1.2,1.8,9,5,0
40,Danny Barnes,18,TOR,AL,-0.4,3,3,0.5,5.71,47,0,6,0,0,0,41,47,28,26,6,22,1,38,1,0,0,191,75,4.89,1.683,10.3,1.3,4.8,8.3,1.73,0
41,Jacob Barnes,18,MIL,NL,-0.2,0,1,0,3.33,49,0,19,0,0,2,48.2,51,24,18,4,23,2,47,0,0,4,217,123,3.71,1.521,9.4,0.7,4.3,8.7,2.04,0
42,Matt Barnes,18,BOS,AL,1,6,4,0.6,3.65,62,0,8,0,0,0,61.2,47,25,25,5,31,1,96,2,0,8,265,121,2.71,1.265,6.9,0.7,4.5,14,3.1,0
43,Tony Barnette,18,TEX,AL,0.5,2,0,1,2.39,22,0,5,0,0,0,26.1,19,11,7,2,5,0,26,2,0,0,104,201,2.97,0.911,6.5,0.7,1.7,8.9,5.2,0
44,Kyle Barraclough,18,MIA,NL,0.1,1,6,0.143,4.2,61,0,25,0,0,10,55.2,40,27,26,8,34,3,60,5,0,4,245,92,4.97,1.329,6.5,1.3,5.5,9.7,1.76,0
45,Jake Barrett,18,ARI,NL,-0.1,0,1,0,5.14,7,0,5,0,0,0,7,8,4,4,1,2,0,6,0,0,1,30,86,4.16,1.429,10.3,1.3,2.6,7.7,3,0
46,Jaime Barria,18,LAA,AL,3.1,10,9,0.526,3.41,26,26,0,0,0,0,129.1,117,50,49,17,47,0,98,6,1,3,537,123,4.58,1.268,8.1,1.2,3.3,6.8,2.09,0
47,Tyler Bashlor,18,NYM,NL,0,0,3,0,4.22,24,0,6,0,0,0,32,26,16,15,6,12,0,25,3,0,1,135,89,5.44,1.188,7.3,1.7,3.4,7,2.08,0
48,Anthony Bass,18,CHC,NL,0.2,0,0,,2.93,16,0,3,0,0,0,15.1,18,6,5,1,3,0,14,0,0,2,62,145,2.77,1.37,10.6,0.6,1.8,8.2,4.67,0
49,Chris Bassitt,18,OAK,AL,0.6,2,3,0.4,3.02,11,7,0,0,0,0,47.2,40,21,16,4,19,0,41,4,0,2,204,138,3.98,1.238,7.6,0.8,3.6,7.7,2.16,0
51,Buddy Baumann*,18,2TM,NL,-0.9,0,2,0,27,4,0,1,0,0,0,3.1,9,13,10,1,7,2,4,0,0,0,27,17,10.96,4.8,24.3,2.7,18.9,10.8,0.57,0
52,Gerson Bautista,18,NYM,NL,-0.3,0,1,0,12.46,5,0,5,0,0,0,4.1,8,6,6,2,5,0,3,0,0,1,25,33,11.24,3,16.6,4.2,10.4,6.2,0.6,0
53,Chris Beck,18,2TM,2LG,0.2,0,0,,4.5,20,0,9,0,0,1,34,34,17,17,8,20,0,21,1,0,1,148,92,6.84,1.588,9,2.1,5.3,5.6,1.05,0
54,Cam Bedrosian,18,LAA,AL,0.5,5,4,0.556,3.8,71,0,7,0,0,1,64,63,30,27,7,26,0,57,2,0,1,271,111,4.11,1.391,8.9,1,3.7,8,2.19,0
55,Tyler Beede,18,SFG,NL,-0.3,0,1,0,8.22,2,2,0,0,0,0,7.2,9,7,7,0,8,0,9,1,0,0,40,49,4.33,2.217,10.6,0,9.4,10.6,1.13,0
56,Jalen Beeks*,18,2TM,AL,-0.1,5,1,0.833,5.51,14,1,0,0,0,0,50.2,52,31,31,6,24,0,42,3,0,0,223,76,4.64,1.5,9.2,1.1,4.3,7.5,1.75,0
57,Matt Belisle,18,2TM,AL,-0.9,1,1,0.5,7.86,33,0,14,0,0,0,34.1,49,32,30,6,11,1,25,3,0,1,162,56,5.2,1.748,12.8,1.6,2.9,6.6,2.27,0
58,Jeff Beliveau*,18,CLE,AL,-0.3,0,0,,11.57,9,0,2,0,0,1,4.2,7,6,6,2,5,0,2,1,0,0,26,40,11.73,2.571,13.5,3.9,9.6,3.9,0.4,0
59,Chad Bell*,18,DET,AL,-0.2,0,1,0,8.59,3,0,0,0,0,0,7.1,14,7,7,1,2,1,7,0,0,0,36,55,3.84,2.182,17.2,1.2,2.5,8.6,3.5,0
60,Christian Bergman,18,SEA,AL,0,0,1,0,5.79,3,2,0,0,0,0,14,12,9,9,4,3,0,7,0,0,0,57,72,6.52,1.071,7.7,2.6,1.9,4.5,2.33,0
61,José Berríos,18,MIN,AL,3.5,12,11,0.522,3.84,32,32,0,2,1,0,192.1,159,83,82,25,61,1,202,13,0,2,797,111,3.9,1.144,7.4,1.2,2.9,9.5,3.31,0
62,Dellin Betances,18,NYY,AL,1.4,4,6,0.4,2.7,66,0,15,0,0,4,66.2,44,22,20,7,26,2,115,5,1,4,272,156,2.47,1.05,5.9,0.9,3.5,15.5,4.42,0
63,Chad Bettis,18,COL,NL,0.7,5,2,0.714,5.01,27,20,2,0,0,0,120.1,121,72,67,18,47,3,80,5,1,3,518,94,5.07,1.396,9,1.3,3.5,6,1.7,0
64,Joe Biagini,18,TOR,AL,-0.5,4,7,0.364,6,50,4,7,0,0,0,72,96,50,48,14,24,0,53,6,0,8,328,71,5.47,1.667,12,1.8,3,6.6,2.21,0
65,Austin Bibens-Dirkx,18,TEX,AL,-0.2,2,3,0.4,6.2,13,6,4,0,0,0,45,56,33,31,9,14,0,33,5,0,2,203,77,5.56,1.556,11.2,1.8,2.8,6.6,2.36,0
66,Jesse Biddle*,18,ATL,NL,0.6,6,1,0.857,3.11,60,0,14,0,0,1,63.2,50,26,22,6,31,5,67,3,0,2,266,132,3.88,1.272,7.1,0.8,4.4,9.5,2.16,0
67,Shane Bieber,18,CLE,AL,1.1,11,5,0.688,4.55,20,19,0,0,0,0,114.2,130,60,58,13,23,0,118,2,0,5,485,95,3.23,1.334,10.2,1,1.8,9.3,5.13,0
68,Ty Blach*,18,SFG,NL,0.4,6,7,0.462,4.25,47,13,13,0,0,0,118.2,133,62,56,8,41,4,75,1,1,1,512,89,3.83,1.466,10.1,0.6,3.1,5.7,1.83,0
69,Ray Black,18,SFG,NL,-0.4,2,2,0.5,6.17,26,0,4,0,0,0,23.1,17,16,16,4,10,0,33,1,0,1,95,62,3.97,1.157,6.6,1.5,3.9,12.7,3.3,0
70,Paul Blackburn,18,OAK,AL,-0.6,2,3,0.4,7.16,6,6,0,0,0,0,27.2,33,23,22,2,6,0,19,2,0,1,119,59,3.59,1.41,10.7,0.7,2,6.2,3.17,0
71,Alex Blandino,18,CIN,NL,0,0,0,,0,1,0,1,0,0,0,1,1,0,0,0,0,0,2,0,0,1,4,,-0.84,1,9,0,0,18,,0
72,Jeremy Bleich*,18,OAK,AL,-0.1,0,0,,54,2,0,0,0,0,0,0.1,2,2,2,0,0,0,1,1,0,0,4,16,6.16,6,54,0,0,27,,0
73,Richard Bleier*,18,BAL,AL,1.5,3,0,1,1.93,31,0,4,0,0,0,32.2,36,7,7,0,4,1,15,1,0,1,133,224,2.7,1.224,9.9,0,1.1,4.1,3.75,0
74,Jerry Blevins*,18,NYM,NL,0,3,2,0.6,4.85,64,1,7,0,0,1,42.2,36,24,23,6,22,1,41,5,0,1,188,77,4.96,1.359,7.6,1.3,4.6,8.6,1.86,0
75,Ryan Borucki*,18,TOR,AL,1.5,4,6,0.4,3.87,17,17,0,0,0,0,97.2,96,48,42,7,33,3,67,2,0,2,415,110,3.79,1.321,8.8,0.6,3,6.2,2.03,0
76,Matt Bowman,18,STL,NL,-0.5,0,2,0,6.26,22,0,5,0,0,0,23,29,16,16,4,11,3,26,1,0,1,109,63,4.73,1.739,11.3,1.6,4.3,10.2,2.36,0
77,Brad Boxberger,18,ARI,NL,-0.8,3,7,0.3,4.39,60,0,45,0,0,32,53.1,44,30,26,9,32,4,71,1,0,3,235,96,4.55,1.425,7.4,1.5,5.4,12,2.22,0
78,Matthew Boyd*,18,DET,AL,2.5,9,13,0.409,4.39,31,31,0,0,0,0,170.1,146,87,83,27,51,0,159,11,2,6,709,102,4.45,1.157,7.7,1.4,2.7,8.4,3.12,0
79,Blaine Boyer,18,KCR,AL,-1.7,2,1,0.667,12.05,21,0,8,0,0,1,21.2,32,33,29,7,13,3,9,0,0,0,109,36,8.33,2.077,13.3,2.9,5.4,3.7,0.69,0
80,Brad Brach,18,2TM,2LG,0.3,2,4,0.333,3.59,69,0,32,0,0,12,62.2,72,32,25,5,28,2,60,1,1,3,289,118,3.67,1.596,10.3,0.7,4,8.6,2.14,0
81,Silvino Bracho,18,ARI,NL,0.4,2,0,1,3.19,31,0,7,0,0,0,31,25,12,11,2,12,2,34,3,0,2,129,133,3.26,1.194,7.3,0.6,3.5,9.9,2.83,0
82,Chasen Bradford,18,SEA,AL,0.6,5,0,1,3.69,46,0,15,0,0,0,53.2,55,23,22,9,14,1,38,5,0,1,231,111,4.99,1.286,9.2,1.5,2.3,6.4,2.71,0
83,Archie Bradley,18,ARI,NL,0.3,4,5,0.444,3.64,76,0,8,0,0,3,71.2,62,30,29,9,20,1,75,4,1,2,296,116,3.7,1.144,7.8,1.1,2.5,9.4,3.75,0
84,Ryan Brasier,18,BOS,AL,1.4,2,0,1,1.6,34,0,5,0,0,0,33.2,19,6,6,2,7,0,29,0,0,1,124,277,2.83,0.772,5.1,0.5,1.9,7.8,4.14,0
85,Steven Brault*,18,PIT,NL,-0.2,6,3,0.667,4.61,45,5,6,0,0,0,91.2,84,51,47,10,57,4,82,8,0,9,413,85,4.92,1.538,8.2,1,5.6,8.1,1.44,0
86,John Brebbia,18,STL,NL,0.7,3,3,0.5,3.2,45,0,17,0,0,2,50.2,43,18,18,5,16,2,60,0,0,1,209,122,3.02,1.164,7.6,0.9,2.8,10.7,3.75,0
87,Colten Brewer,18,SDP,NL,-0.4,1,0,1,5.59,11,0,5,0,0,0,9.2,15,10,6,0,7,0,10,0,0,1,49,71,3.26,2.276,14,0,6.5,9.3,1.43,0
88,Austin Brice,18,CIN,NL,-0.4,2,3,0.4,5.79,33,0,8,0,0,0,37.1,39,26,24,9,13,6,32,3,0,1,162,72,5.87,1.393,9.4,2.2,3.1,7.7,2.46,0
89,Parker Bridwell,18,LAA,AL,-0.5,1,0,1,17.55,5,1,2,0,0,0,6.2,14,13,13,5,2,0,3,0,0,0,36,25,12.91,2.4,18.9,6.8,2.7,4.1,1.5,0
90,Jeff Brigham,18,MIA,NL,-0.2,0,4,0,6.06,4,4,0,0,0,0,16.1,16,11,11,2,13,0,12,2,0,0,77,65,6.04,1.776,8.8,1.1,7.2,6.6,0.92,0
91,Zack Britton*,18,2TM,AL,0.6,2,0,1,3.1,41,0,21,0,0,7,40.2,29,16,14,3,21,0,34,3,0,7,169,139,4.22,1.23,6.4,0.7,4.6,7.5,1.62,0
92,Aaron Brooks,18,OAK,AL,0.1,0,0,,0,3,0,2,0,0,0,2.2,1,0,0,0,2,0,1,0,0,0,10,,4.66,1.125,3.4,0,6.8,3.4,0.5,0
93,Rex Brothers*,18,ATL,NL,0,0,0,,,1,0,0,0,0,0,0,0,1,1,0,2,0,0,0,0,0,2,17,,,,,,,0,0
94,Clay Buchholz,18,ARI,NL,2.8,7,2,0.778,2.01,16,16,0,1,0,0,98.1,80,25,22,9,22,1,81,3,0,1,393,209,3.47,1.037,7.3,0.8,2,7.4,3.68,0
95,Ryan Buchter*,18,OAK,AL,0.4,6,0,1,2.75,54,0,4,0,0,0,39.1,32,17,12,4,15,1,41,0,0,1,163,152,3.54,1.195,7.3,0.9,3.4,9.4,2.73,0
96,Walker Buehler,18,LAD,NL,3.6,8,5,0.615,2.62,24,23,0,0,0,0,137.1,95,43,40,12,37,1,151,6,0,4,541,148,3.04,0.961,6.2,0.8,2.4,9.9,4.08,0
97,Madison Bumgarner*,18,SFG,NL,2.8,6,7,0.462,3.26,21,21,0,0,0,0,129.2,118,51,47,14,43,3,109,5,1,3,551,116,3.99,1.242,8.2,1,3,7.6,2.53,0
98,Aaron Bummer*,18,CHW,AL,-0.1,0,1,0,4.26,37,0,9,0,0,0,31.2,40,19,15,1,10,0,35,1,1,7,144,100,2.4,1.579,11.4,0.3,2.8,9.9,3.5,0
99,Dylan Bundy,18,BAL,AL,-0.1,8,16,0.333,5.45,31,31,0,1,0,0,171.2,188,116,104,41,54,1,184,6,1,6,750,78,5.17,1.41,9.9,2.1,2.8,9.6,3.41,0
100,Nick Burdi,18,PIT,NL,-0.2,0,0,,20.25,2,0,1,0,0,0,1.1,3,4,3,1,2,0,2,0,0,0,10,25,14.41,3.75,20.3,6.8,13.5,13.5,1,0
101,Corbin Burnes,18,MIL,NL,0.6,7,0,1,2.61,30,0,6,0,0,1,38,27,11,11,4,11,2,35,3,1,2,152,158,3.79,1,6.4,0.9,2.6,8.3,3.18,0
102,Ryan Burr,18,CHW,AL,-0.2,0,0,,7.45,8,0,1,0,0,0,9.2,12,8,8,3,6,1,6,1,0,0,44,59,8.13,1.862,11.2,2.8,5.6,5.6,1,0
103,Alan Busenitz,18,MIN,AL,-1.2,4,1,0.8,7.82,23,0,7,0,0,0,25.1,37,25,22,8,14,0,26,2,0,2,126,55,7.11,2.013,13.1,2.8,5,9.2,1.86,0
104,Matt Bush,18,TEX,AL,0.3,0,0,,4.7,21,0,6,0,0,0,23,23,13,12,3,14,0,19,2,0,1,108,102,5.29,1.609,9,1.2,5.5,7.4,1.36,0
105,Drew Butera,18,KCR,AL,-0.1,0,0,,54,1,0,1,0,0,0,0.1,2,2,2,0,3,0,0,0,0,0,6,17,30.16,15,54,0,81,0,0,0
106,Eddie Butler,18,2TM,2LG,-0.4,2,3,0.4,5.62,30,0,9,0,0,2,49.2,59,34,31,11,19,1,29,2,0,6,228,82,6.14,1.57,10.7,2,3.4,5.3,1.53,0
107,Ty Buttrey,18,LAA,AL,0.2,0,1,0,3.31,16,0,4,0,0,4,16.1,15,7,6,0,5,0,20,0,1,0,70,129,1.63,1.224,8.3,0,2.8,11,4,0
108,Trevor Cahill,18,OAK,AL,1.4,7,4,0.636,3.76,21,20,0,0,0,0,110,90,52,46,8,41,0,100,5,0,8,450,110,3.54,1.191,7.4,0.7,3.4,8.2,2.44,0
109,Victor Caratini,18,CHC,NL,-0.1,0,0,,9,2,0,0,0,0,0,2,3,2,2,1,0,0,0,0,0,0,8,55,9.66,1.5,13.5,4.5,0,0,,0
110,Shane Carle,18,ATL,NL,1.1,4,1,0.8,2.86,53,0,8,0,0,1,63,50,22,20,2,27,7,43,1,0,2,259,143,3.54,1.222,7.1,0.3,3.9,6.1,1.59,0
111,Ryan Carpenter*,18,DET,AL,-0.3,1,2,0.333,7.25,6,5,0,0,0,0,22.1,34,19,18,8,4,0,15,3,0,0,107,63,7.41,1.701,13.7,3.2,1.6,6,3.75,0
112,Carlos Carrasco,18,CLE,AL,4,17,10,0.63,3.38,32,30,1,2,0,0,192,173,78,72,21,43,4,231,6,0,9,784,128,2.94,1.125,8.1,1,2,10.8,5.37,0
113,Cody Carroll,18,BAL,AL,-0.5,0,2,0,9,15,0,3,0,0,0,17,21,17,17,6,13,0,16,0,1,3,84,48,8.16,2,11.1,3.2,6.9,8.5,1.23,0
114,Andrew Cashner,18,BAL,AL,0.4,4,15,0.211,5.29,28,28,0,0,0,0,153,177,97,90,25,65,3,99,3,0,6,681,81,5.32,1.582,10.4,1.5,3.8,5.8,1.52,0
115,Santiago Casilla,18,OAK,AL,0.5,0,0,,3.16,26,0,12,0,0,1,31.1,18,11,11,0,20,0,22,4,0,4,132,133,4.05,1.213,5.2,0,5.7,6.3,1.1,0
116,Diego Castillo,18,TBR,AL,1,4,2,0.667,3.18,43,11,5,0,0,0,56.2,36,21,20,6,18,0,65,2,1,5,222,130,3.3,0.953,5.7,1,2.9,10.3,3.61,0
117,José Castillo*,18,SDP,NL,0.6,3,3,0.5,3.29,37,0,5,0,0,0,38.1,23,14,14,3,12,1,52,3,0,1,150,118,2.64,0.913,5.4,0.7,2.8,12.2,4.33,0
118,Luis Castillo,18,CIN,NL,1.8,10,12,0.455,4.3,31,31,0,0,0,0,169.2,158,89,81,28,49,1,165,5,2,4,708,97,4.32,1.22,8.4,1.5,2.6,8.8,3.37,0
119,Miguel Castro,18,BAL,AL,1.2,2,7,0.222,3.96,63,1,16,0,0,0,86.1,75,41,38,9,50,7,57,5,3,9,376,108,5.11,1.448,7.8,0.9,5.2,5.9,1.14,0
120,Brett Cecil*,18,STL,NL,-0.9,1,1,0.5,6.89,40,0,7,0,0,0,32.2,39,27,25,5,25,5,19,0,0,1,157,57,6.28,1.959,10.7,1.4,6.9,5.2,0.76,0
121,Xavier Cedeño*,18,2TM,2LG,0.9,2,0,1,2.43,48,0,4,0,0,1,33.1,26,10,9,1,16,1,34,0,0,4,140,176,2.95,1.26,7,0.3,4.3,9.2,2.13,0
122,Luis Cessa,18,NYY,AL,-0.1,1,4,0.2,5.24,16,5,6,0,0,2,44.2,51,27,26,5,13,0,39,0,0,7,195,81,3.74,1.433,10.3,1,2.6,7.9,3,0
123,Jhoulys Chacín,18,MIL,NL,1.7,15,8,0.652,3.5,35,35,0,0,0,0,192.2,153,83,75,18,71,3,156,11,0,5,796,116,4.03,1.163,7.1,0.8,3.3,7.3,2.2,0
124,Andrew Chafin*,18,ARI,NL,0.8,1,6,0.143,3.1,77,0,13,0,0,0,49.1,41,18,17,0,25,1,53,2,0,3,211,136,2.65,1.338,7.5,0,4.6,9.7,2.12,0
125,Aroldis Chapman*,18,NYY,AL,1.5,3,0,1,2.45,55,0,43,0,0,32,51.1,24,15,14,2,30,0,93,5,0,9,212,172,2.09,1.052,4.2,0.4,5.3,16.3,3.1,0
126,JT Chargois,18,LAD,NL,0.2,2,4,0.333,3.34,39,0,4,0,0,0,32.1,26,13,12,4,15,3,40,2,0,3,135,117,3.87,1.268,7.2,1.1,4.2,11.1,2.67,0
127,Tyler Chatwood,18,CHC,NL,-0.4,4,6,0.4,5.3,24,20,4,0,0,0,103.2,92,62,61,9,95,1,85,7,0,8,486,79,5.6,1.804,8,0.8,8.2,7.4,0.89,0
128,Jesse Chavez,18,2TM,2LG,3.1,5,2,0.714,2.55,62,0,26,0,0,5,95.1,84,28,27,13,17,1,92,0,0,1,377,178,3.54,1.059,7.9,1.2,1.6,8.7,5.41,0
129,Wei-Yin Chen*,18,MIA,NL,0.2,6,12,0.333,4.79,26,26,0,0,0,0,133.1,131,75,71,19,47,6,111,1,1,4,572,80,4.43,1.335,8.8,1.3,3.2,7.5,2.36,0
130,Yonny Chirinos,18,TBR,AL,1.1,5,5,0.5,3.51,18,7,2,0,0,0,89.2,84,40,35,7,25,2,75,5,0,5,370,117,3.51,1.216,8.4,0.7,2.5,7.5,3,0
131,Adam Cimber,18,2TM,2LG,0.9,3,8,0.273,3.42,70,0,16,0,0,0,68.1,68,28,26,5,17,9,58,6,0,1,284,117,3.42,1.244,9,0.7,2.2,7.6,3.41,0
132,Tony Cingrani*,18,LAD,NL,-0.2,1,2,0.333,4.76,30,0,2,0,0,0,22.2,19,12,12,2,6,1,36,3,2,1,95,83,2.32,1.103,7.5,0.8,2.4,14.3,6,0
133,Steve Cishek,18,CHC,NL,2,4,3,0.571,2.18,80,0,10,0,0,4,70.1,45,19,17,5,28,4,78,9,0,2,288,192,3.44,1.038,5.8,0.6,3.6,10,2.79,0
134,Álex Claudio*,18,TEX,AL,1,4,2,0.667,4.48,66,1,20,0,0,1,68.1,91,35,34,4,13,3,41,3,1,0,299,106,3.42,1.522,12,0.5,1.7,5.4,3.15,0
135,Mike Clevinger,18,CLE,AL,5.4,13,8,0.619,3.02,32,32,0,1,1,0,200,164,71,67,21,67,0,207,4,0,4,810,143,3.52,1.155,7.4,0.9,3,9.3,3.09,0
136,Tyler Clippard,18,TOR,AL,1.3,4,3,0.571,3.67,73,1,22,0,0,7,68.2,57,29,28,13,23,0,85,2,0,7,285,116,4.24,1.165,7.5,1.7,3,11.1,3.7,0
137,Tyler Cloyd,18,MIA,NL,-0.4,0,0,,8.66,7,0,4,0,0,0,17.2,25,17,17,3,10,2,13,1,0,1,87,45,5.76,1.981,12.7,1.5,5.1,6.6,1.3,0
138,Alex Cobb,18,BAL,AL,0.8,5,15,0.25,4.9,28,28,0,1,0,0,152.1,172,93,83,24,43,5,102,4,1,4,661,87,4.79,1.411,10.2,1.4,2.5,6,2.37,0
139,A.J. Cole,18,2TM,2LG,-0.8,4,2,0.667,6.14,32,2,14,0,0,0,48.1,55,38,33,15,22,1,59,0,0,2,221,69,6.12,1.593,10.2,2.8,4.1,11,2.68,0
141,Taylor Cole,18,LAA,AL,0.9,4,2,0.667,2.75,18,2,4,0,0,0,36,20,11,11,3,12,0,39,3,0,1,135,154,3.33,0.889,5,0.8,3,9.8,3.25,0
142,Louis Coleman,18,DET,AL,1,4,1,0.8,3.51,51,0,9,0,0,0,51.1,43,21,20,5,24,2,41,6,0,0,217,129,4.58,1.305,7.5,0.9,4.2,7.2,1.71,0
143,Tim Collins*,18,WSN,NL,0.2,0,0,,4.37,38,0,5,0,0,0,22.2,23,11,11,5,12,0,21,0,0,1,99,98,5.76,1.544,9.1,2,4.8,8.3,1.75,0
144,Alex Colomé,18,2TM,AL,1.1,7,5,0.583,3.04,70,0,24,0,0,12,68,59,26,23,7,21,2,72,3,1,10,282,135,3.44,1.176,7.8,0.9,2.8,9.5,3.43,0
145,Bartolo Colon,18,TEX,AL,0.8,7,12,0.368,5.78,28,24,1,1,0,0,146.1,172,97,94,32,25,1,81,3,0,2,628,82,5.47,1.346,10.6,2,1.5,5,3.24,0
146,Adam Conley*,18,MIA,NL,0,3,4,0.429,4.09,52,0,5,0,0,3,50.2,37,25,23,5,18,1,50,1,0,3,202,94,3.59,1.086,6.6,0.9,3.2,8.9,2.78,0
147,P.J. Conlon*,18,NYM,NL,-0.2,0,0,,8.22,3,2,1,0,0,0,7.2,15,7,7,2,2,0,5,0,0,0,38,48,6.03,2.217,17.6,2.3,2.3,5.9,2.5,0
148,Ryan Cook,18,SEA,AL,-0.1,2,1,0.667,5.29,19,0,5,0,0,0,17,15,10,10,4,7,1,23,3,0,2,76,78,5.28,1.294,7.9,2.1,3.7,12.2,3.29,0
149,Scott Copeland,18,NYM,NL,0.1,0,0,,0,1,0,0,0,0,0,1.1,1,0,0,0,0,0,2,0,0,0,5,,0.16,0.75,6.8,0,0,13.5,,0
151,Daniel Corcino,18,LAD,NL,0,0,0,,2.25,2,0,2,0,0,1,4,2,2,1,0,3,0,1,1,0,1,18,189,5.66,1.25,4.5,0,6.8,2.3,0.33,0
152,Jimmy Cordero,18,WSN,NL,-0.2,1,2,0.333,5.68,22,0,3,0,0,0,19,23,13,12,2,12,2,12,2,0,0,94,76,5.48,1.842,10.9,0.9,5.7,5.7,1,0
153,Nestor Cortes*,18,BAL,AL,-0.1,0,0,,7.71,4,0,3,0,0,0,4.2,10,4,4,2,4,0,3,0,0,0,26,60,10.02,3,19.3,3.9,7.7,5.8,0.75,0
154,Danny Coulombe*,18,OAK,AL,0,1,1,0.5,4.56,27,0,3,0,0,0,23.2,24,13,12,5,11,0,26,0,0,2,98,92,5.1,1.479,9.1,1.9,4.2,9.9,2.36,0
155,Dylan Covey,18,CHW,AL,-0.2,5,14,0.263,5.18,27,21,2,0,0,0,121.2,129,81,70,13,52,4,91,2,0,5,542,82,4.38,1.488,9.5,1,3.8,6.7,1.75,0
156,Kyle Crick,18,PIT,NL,1.5,3,2,0.6,2.39,64,0,13,0,0,2,60.1,45,18,16,3,23,3,65,7,2,9,255,165,3.14,1.127,6.7,0.4,3.4,9.7,2.83,0
157,Kyle Crockett*,18,CIN,NL,-0.3,1,0,1,5.79,15,0,2,0,0,0,9.1,16,8,6,1,2,1,11,0,0,1,46,75,2.84,1.929,15.4,1,1.9,10.6,5.5,0
158,Rhiner Cruz,18,TOR,AL,0.1,0,0,,2.7,2,0,1,0,0,0,3.1,3,1,1,0,2,0,4,0,0,1,15,174,2.56,1.5,8.1,0,5.4,10.8,2,0
159,Johnny Cueto,18,SFG,NL,1.4,3,2,0.6,3.23,9,9,0,0,0,0,53,46,19,19,8,13,0,38,5,0,2,214,118,4.71,1.113,7.8,1.4,2.2,6.5,2.92,0
160,William Cuevas,18,BOS,AL,-0.3,0,2,0,7.41,9,1,3,0,0,0,17,20,14,14,3,11,0,20,4,0,2,84,61,5.75,1.824,10.6,1.6,5.8,10.6,1.82,0
161,Charlie Culberson,18,ATL,NL,0,0,0,,9,1,0,1,0,0,0,1,2,1,1,0,0,0,0,0,0,0,5,62,3.16,2,18,0,0,0,,0
162,Brandon Cumpton,18,TOR,AL,0,0,0,,5.4,1,0,0,0,0,0,1.2,3,1,1,0,2,0,2,0,0,0,10,95,4.36,3,16.2,0,10.8,10.8,1,0
163,Zac Curtis*,18,2TM,2LG,0,0,1,0,4.96,15,0,5,0,0,0,16.1,12,10,9,1,19,2,18,1,0,2,79,92,5.43,1.898,6.6,0.6,10.5,9.9,0.95,0
164,John Curtiss,18,MIN,AL,0,0,1,0,5.68,8,0,2,0,0,0,6.1,8,4,4,0,4,1,7,0,0,3,30,79,2.84,1.895,11.4,0,5.7,9.9,1.75,0
165,Chase d'Arnaud,18,SFG,NL,0,0,0,,0,1,0,1,0,0,0,1,1,0,0,0,0,0,0,0,0,0,4,,3.16,1,9,0,0,0,,0
166,Tyler Danish,18,CHW,AL,-0.2,1,0,1,7.11,7,0,0,0,0,0,6.1,8,5,5,2,4,0,5,1,0,0,31,63,8.05,1.895,11.4,2.8,5.7,7.1,1.25,0
167,Yu Darvish,18,CHC,NL,-0.1,1,3,0.25,4.95,8,8,0,0,0,0,40,36,24,22,7,21,0,49,4,1,2,180,85,4.86,1.425,8.1,1.6,4.7,11,2.33,0
168,Matt Davidson,18,CHW,AL,0.1,0,0,,0,3,0,3,0,0,0,3,1,0,0,0,1,0,2,0,0,0,11,,2.83,0.667,3,0,3,6,2,0
169,Zach Davies,18,MIL,NL,-0.2,2,7,0.222,4.77,13,13,0,0,0,0,66,67,36,35,8,21,3,49,4,0,1,280,86,4.39,1.333,9.1,1.1,2.9,6.7,2.33,0
170,Austin Davis*,18,PHI,NL,0.1,1,2,0.333,4.15,32,0,10,0,0,0,34.2,35,20,16,4,12,1,38,2,1,4,151,100,3.68,1.356,9.1,1,3.1,9.9,3.17,0
171,J.D. Davis,18,HOU,AL,0,0,0,,9,1,0,1,0,0,0,1,1,1,1,1,0,0,1,0,0,0,4,63,14.16,1,9,9,0,9,,0
172,Wade Davis,18,COL,NL,0.9,3,6,0.333,4.13,69,0,63,0,0,43,65.1,43,31,30,8,26,0,78,2,0,6,261,115,3.65,1.056,5.9,1.1,3.6,10.7,3,0
173,Chase De Jong,18,MIN,AL,0.1,1,1,0.5,3.57,4,4,0,0,0,0,17.2,18,9,7,3,6,0,13,0,0,2,74,122,4.91,1.358,9.2,1.5,3.1,6.6,2.17,0
174,Jorge De La Rosa*,18,2TM,NL,0.2,0,2,0,3.38,59,0,14,0,0,1,56,51,25,21,6,27,4,47,1,2,2,243,125,4.37,1.393,8.2,1,4.3,7.6,1.74,0
175,Enyel De Los Santos,18,PHI,NL,0.1,1,0,1,4.74,7,2,2,0,0,0,19,19,10,10,2,8,0,15,1,0,1,81,88,4.37,1.421,9,0.9,3.8,7.1,1.88,0
176,Dean Deetz,18,HOU,AL,0,0,0,,5.4,4,0,3,0,0,0,3.1,4,2,2,1,1,0,3,1,0,0,15,85,7.06,1.5,10.8,2.7,2.7,8.1,3,0
178,Randall Delgado,18,ARI,NL,-0.1,2,0,1,4.76,10,0,1,0,0,0,11.1,11,6,6,3,6,2,5,0,0,2,51,91,7.31,1.5,8.7,2.4,4.8,4,0.83,0
179,Daniel Descalso,18,ARI,NL,-0.1,0,0,,8.1,2,0,1,0,0,0,3.1,4,3,3,2,1,0,2,0,0,0,15,57,10.66,1.5,10.8,5.4,2.7,5.4,2,0
180,Anthony DeSclafani,18,CIN,NL,0.5,7,8,0.467,4.93,21,21,0,0,0,0,115,118,68,63,24,30,2,108,2,0,4,484,84,4.83,1.287,9.2,1.9,2.3,8.5,3.6,0
181,Odrisamer Despaigne,18,2TM,2LG,-1.1,2,3,0.4,6.69,19,5,2,0,0,0,39,52,34,29,4,19,1,35,2,0,0,188,61,4.31,1.821,12,0.9,4.4,8.1,1.84,0
182,Ross Detwiler*,18,SEA,AL,0.1,0,1,0,4.5,1,0,0,0,0,0,6,8,3,3,1,2,0,2,0,0,0,23,96,5.66,1.667,12,1.5,3,3,1,0
183,Chris Devenski,18,HOU,AL,0.1,2,3,0.4,4.18,50,1,8,0,0,2,47.1,42,23,22,9,13,1,51,3,1,1,196,100,4.49,1.162,8,1.7,2.5,9.7,3.92,0
185,Miguel Díaz,18,SDP,NL,-0.1,1,0,1,4.82,11,0,4,0,0,0,18.2,16,11,10,2,12,2,30,0,0,1,85,81,3.27,1.5,7.7,1,5.8,14.5,2.5,0
186,Jake Diekman*,18,2TM,2LG,0,1,2,0.333,4.73,71,0,15,0,0,2,53.1,49,33,28,4,31,2,66,6,0,3,243,98,3.74,1.5,8.3,0.7,5.2,11.1,2.13,0
187,Brandon Dixon,18,CIN,NL,0.1,0,0,,0,2,0,2,0,0,0,1.1,0,0,0,0,0,0,1,0,0,0,4,,1.66,0,0,0,0,6.8,,0
188,Seranthony Domínguez,18,PHI,NL,2.1,2,5,0.286,2.95,53,0,24,0,0,16,58,32,19,19,4,22,2,74,4,0,10,231,140,2.85,0.931,5,0.6,3.4,11.5,3.36,0
189,Sean Doolittle*,18,WSN,NL,2.3,3,3,0.5,1.6,43,0,35,0,0,25,45,21,8,8,3,6,1,60,2,0,1,163,267,1.89,0.6,4.2,0.6,1.2,12,10,0
190,Oliver Drake,18,5TM,2LG,-0.1,1,1,0.5,5.29,44,0,19,0,0,0,47.2,52,29,28,4,17,1,51,1,0,5,209,83,3.24,1.448,9.8,0.8,3.2,9.6,3,0
191,Brian Duensing*,18,CHC,NL,-1.7,3,0,1,7.65,48,0,7,0,0,1,37.2,42,33,32,6,29,2,24,1,0,0,181,55,6.35,1.885,10,1.4,6.9,5.7,0.83,0
192,Tyler Duffey,18,MIN,AL,-0.8,2,2,0.5,7.2,19,1,4,0,0,0,25,26,22,20,6,4,0,19,1,0,2,107,60,5.36,1.2,9.4,2.2,1.4,6.8,4.75,0
193,Danny Duffy*,18,KCR,AL,1.4,8,12,0.4,4.88,28,28,0,0,0,0,155,161,86,84,23,70,1,141,4,0,14,692,89,4.7,1.49,9.3,1.3,4.1,8.2,2.01,0
194,Zach Duke*,18,2TM,AL,0.1,5,5,0.5,4.15,72,0,11,0,0,0,52,57,28,24,1,21,4,51,6,0,3,240,103,3.01,1.5,9.9,0.2,3.6,8.8,2.43,0
195,Ryan Dull,18,OAK,AL,0.2,0,0,,4.26,28,0,3,0,0,0,25.1,22,12,12,3,7,0,21,0,0,3,100,99,3.87,1.145,7.8,1.1,2.5,7.5,3,0
196,Mike Dunn*,18,COL,NL,-0.6,0,0,,9,25,0,6,0,0,0,17,22,17,17,1,18,0,12,0,0,1,83,53,5.69,2.353,11.6,0.5,9.5,6.4,0.67,0
197,Sam Dyson,18,SFG,NL,1.5,4,3,0.571,2.69,74,0,16,0,0,3,70.1,56,23,21,5,20,1,56,3,0,2,273,142,3.47,1.081,7.2,0.6,2.6,7.2,2.8,0
198,Carl Edwards Jr.,18,CHC,NL,1.1,3,2,0.6,2.6,58,0,2,0,0,0,52,36,17,15,2,32,1,67,0,0,4,222,161,2.93,1.308,6.2,0.3,5.5,11.6,2.09,0
199,Jon Edwards,18,CLE,AL,0.1,0,0,,3.12,9,0,0,0,0,0,8.2,6,4,3,2,4,0,10,0,0,0,37,144,5.24,1.154,6.2,2.1,4.2,10.4,2.5,0
200,Zach Eflin,18,PHI,NL,1.7,11,8,0.579,4.36,24,24,0,0,0,0,128,130,69,62,16,37,4,123,3,0,4,548,95,3.8,1.305,9.1,1.1,2.6,8.6,3.32,0
201,Jerad Eickhoff,18,PHI,NL,0,0,1,0,6.75,3,1,1,0,0,0,5.1,10,4,4,1,0,0,11,0,0,0,26,65,1.47,1.875,16.9,1.7,0,18.6,,0
202,Roenis Elías*,18,SEA,AL,1,3,1,0.75,2.65,23,4,13,0,0,0,51,46,17,15,1,16,1,34,1,0,3,210,154,3.08,1.216,8.1,0.2,2.8,6,2.13,0
203,Nathan Eovaldi,18,2TM,AL,1.2,6,7,0.462,3.81,22,21,0,0,0,0,111,105,55,47,14,20,1,101,3,0,4,455,112,3.6,1.126,8.5,1.1,1.6,8.2,5.05,0
204,Robbie Erlin*,18,SDP,NL,0.1,4,7,0.364,4.21,39,12,8,0,0,0,109,112,57,51,12,12,0,88,0,1,2,439,91,3.31,1.138,9.2,1,1,7.3,7.33,0
205,Phil Ervin,18,CIN,NL,0,0,0,,0,1,0,1,0,0,0,0.1,0,0,0,0,0,0,0,0,0,0,1,,3.16,0,0,0,0,0,,0
206,Marco Estrada,18,TOR,AL,0.4,7,14,0.333,5.64,28,28,0,0,0,0,143.2,155,91,90,29,50,0,103,2,0,3,627,75,5.44,1.427,9.7,1.8,3.1,6.5,2.06,0
207,Jeurys Familia,18,2TM,2LG,1.5,8,6,0.571,3.13,70,0,36,0,0,18,72,60,26,25,3,28,1,83,2,0,2,302,126,2.65,1.222,7.5,0.4,3.5,10.4,2.96,0
208,Jake Faria,18,TBR,AL,-0.3,4,4,0.5,5.4,17,12,1,0,0,0,65,60,39,39,9,33,1,50,3,0,2,281,76,5.08,1.431,8.3,1.2,4.6,6.9,1.52,0
209,Buck Farmer,18,DET,AL,0.8,3,4,0.429,4.15,66,1,12,0,0,0,69.1,67,34,32,6,41,1,57,1,0,2,308,108,4.46,1.558,8.7,0.8,5.3,7.4,1.39,0
210,Danny Farquhar,18,CHW,AL,-0.1,1,1,0.5,5.63,8,0,0,0,0,0,8,6,5,5,3,0,0,9,0,0,1,29,79,5.79,0.75,6.8,3.4,0,10.1,,0
211,Luke Farrell,18,CHC,NL,-0.7,3,4,0.429,5.17,20,2,8,0,0,0,31.1,30,22,18,7,16,2,39,1,0,1,141,81,5.2,1.468,8.6,2,4.6,11.2,2.44,0
212,Erick Fedde,18,WSN,NL,0.1,2,4,0.333,5.54,11,11,0,0,0,0,50.1,55,31,31,8,22,1,46,0,1,0,217,77,4.71,1.53,9.8,1.4,3.9,8.2,2.09,0
213,Michael Feliz,18,PIT,NL,-0.9,1,2,0.333,5.66,47,0,7,0,0,0,47.2,49,33,30,6,23,0,55,3,1,3,217,70,4.13,1.51,9.3,1.1,4.3,10.4,2.39,0
214,Caleb Ferguson*,18,LAD,NL,0.3,7,2,0.778,3.49,29,3,7,0,0,2,49,43,21,19,8,12,1,59,3,0,1,202,112,3.79,1.122,7.9,1.5,2.2,10.8,4.92,0
215,José Fernández*,18,TOR,AL,-0.1,0,0,,6.1,13,0,1,0,0,0,10.1,10,7,7,2,4,0,6,0,0,0,45,72,5.68,1.355,8.7,1.7,3.5,5.2,1.5,0
216,Matt Festa,18,SEA,AL,0.2,0,0,,2.16,8,1,0,0,0,0,8.1,13,2,2,0,2,0,4,1,0,2,40,196,3.28,1.8,14,0,2.2,4.3,2,0
217,Johnny Field,18,TBR,AL,0,0,0,,0,1,0,1,0,0,0,1,0,0,0,0,1,0,0,0,0,0,4,,6.16,1,0,0,9,0,0,0
218,Josh Fields,18,LAD,NL,0.9,2,2,0.5,2.2,45,0,10,0,0,2,41,28,10,10,4,11,1,33,0,0,0,154,178,3.62,0.951,6.1,0.9,2.4,7.2,3,0
219,Mike Fiers,18,2TM,AL,4.4,12,8,0.6,3.56,31,30,0,0,0,0,172,166,71,68,32,37,1,139,8,0,4,714,124,4.75,1.18,8.7,1.7,1.9,7.3,3.76,0
220,Heath Fillmyer,18,KCR,AL,1.1,4,2,0.667,4.26,17,13,2,0,0,0,82.1,78,41,39,11,32,0,57,2,1,3,344,102,4.75,1.336,8.5,1.2,3.5,6.2,1.78,0
221,Brandon Finnegan*,18,CIN,NL,-0.6,0,3,0,7.4,5,5,0,0,0,0,20.2,27,20,17,5,15,2,14,0,0,1,103,57,7.13,2.032,11.8,2.2,6.5,6.1,0.93,0
222,Doug Fister,18,TEX,AL,0.9,1,7,0.125,4.5,12,12,0,0,0,0,66,73,40,33,11,19,0,40,6,0,1,289,106,5.25,1.394,10,1.5,2.6,5.5,2.11,0
223,Jack Flaherty,18,STL,NL,3.2,8,9,0.471,3.34,28,28,0,0,0,0,151,108,59,56,20,59,3,182,11,0,6,615,116,3.86,1.106,6.4,1.2,3.5,10.8,3.08,0
224,Chris Flexen,18,NYM,NL,-0.8,0,2,0,12.79,4,1,2,0,0,0,6.1,14,13,9,2,6,1,3,1,0,0,40,31,9.63,3.158,19.9,2.8,8.5,4.3,0.5,0
225,Pedro Florimón,18,PHI,NL,0,0,0,,9,2,0,2,0,0,0,2,1,2,2,1,1,0,0,0,0,0,8,54,11.16,1,4.5,4.5,4.5,0,0,0
226,Dylan Floro,18,2TM,NL,1.9,6,3,0.667,2.25,54,0,20,0,0,0,64,57,17,16,3,23,6,58,1,2,1,271,181,3.08,1.25,8,0.4,3.2,8.2,2.52,0
227,Brian Flynn*,18,KCR,AL,0.7,3,5,0.375,4.04,48,0,10,0,0,1,75.2,87,37,34,5,35,3,47,3,0,5,336,107,4.28,1.612,10.3,0.6,4.2,5.6,1.34,0
229,Wilmer Font,18,3TM,2LG,0.1,2,3,0.4,5.93,19,5,8,0,0,0,44,46,29,29,12,16,1,36,1,0,1,192,70,6.23,1.409,9.4,2.5,3.3,7.4,2.25,0
230,Caleb Frare*,18,CHW,AL,0,0,1,0,5.14,11,0,1,0,0,0,7,6,4,4,0,4,0,9,1,0,1,31,86,2.73,1.429,7.7,0,5.1,11.6,2.25,0
232,Sam Freeman*,18,ATL,NL,0,3,5,0.375,4.29,63,0,4,0,0,0,50.1,41,26,24,3,32,2,58,2,0,4,216,96,3.66,1.45,7.3,0.5,5.7,10.4,1.81,0
233,Max Fried*,18,ATL,NL,0.7,1,4,0.2,2.94,14,5,5,0,0,0,33.2,26,12,11,3,20,0,44,2,0,2,142,140,3.66,1.366,7,0.8,5.3,11.8,2.2,0
234,Jace Fry*,18,CHW,AL,0.2,2,3,0.4,4.38,59,1,12,0,0,4,51.1,37,28,25,4,20,0,70,1,0,5,214,97,2.67,1.11,6.5,0.7,3.5,12.3,3.5,0
235,Paul Fry*,18,BAL,AL,0.2,1,2,0.333,3.35,35,0,11,0,0,2,37.2,33,20,14,1,15,0,36,4,0,3,159,129,3.11,1.274,7.9,0.2,3.6,8.6,2.4,0
236,Carson Fulmer,18,CHW,AL,-1,2,4,0.333,8.07,9,8,1,0,0,0,32.1,37,32,29,8,24,0,29,5,1,2,164,53,7.27,1.887,10.3,2.2,6.7,8.1,1.21,0
237,Michael Fulmer,18,DET,AL,1.3,3,12,0.2,4.69,24,24,0,0,0,0,132.1,128,75,69,19,46,1,110,5,0,1,558,96,4.52,1.315,8.7,1.3,3.1,7.5,2.39,0
238,Drew Gagnon,18,NYM,NL,-0.4,2,1,0.667,5.25,5,1,0,0,0,0,12,15,11,7,2,5,0,8,2,0,2,56,73,5.74,1.667,11.3,1.5,3.8,6,1.6,0
239,Yovani Gallardo,18,2TM,2LG,0,8,8,0.5,6.39,21,18,1,0,0,0,94.1,107,68,67,14,47,2,58,2,0,6,422,74,5.42,1.633,10.2,1.3,4.5,5.5,1.23,0
240,Giovanny Gallegos,18,2TM,2LG,0.1,0,0,,3.97,6,0,4,0,0,1,11.1,11,5,5,2,3,0,12,0,0,0,45,111,4.13,1.235,8.7,1.6,2.4,9.5,4,0
241,John Gant,18,STL,NL,1.2,7,6,0.538,3.47,26,19,1,0,0,0,114,91,54,44,9,57,3,95,2,0,5,487,112,4.07,1.298,7.2,0.7,4.5,7.5,1.67,0
242,Greg Garcia,18,STL,NL,0,0,0,,0,1,0,1,0,0,0,1,1,0,0,0,0,0,0,0,0,0,3,,3.16,1,9,0,0,0,,0
243,Jaime García*,18,2TM,2LG,-0.6,3,7,0.3,5.82,33,14,4,0,0,0,82,82,57,53,13,44,2,73,3,1,7,369,73,5.16,1.537,9,1.4,4.8,8,1.66,0
244,Jarlín García*,18,MIA,NL,-0.1,3,3,0.5,4.91,29,7,3,0,0,0,66,59,37,36,16,28,3,40,0,2,0,278,78,6.37,1.318,8,2.2,3.8,5.5,1.43,0
245,Luis García,18,PHI,NL,-0.5,3,1,0.75,6.07,59,0,7,0,0,1,46,49,31,31,4,18,1,51,4,0,7,204,68,3.51,1.457,9.6,0.8,3.5,10,2.83,0
246,Yimi García,18,LAD,NL,-0.6,1,2,0.333,5.64,25,0,3,0,0,0,22.1,29,18,14,7,4,1,19,2,0,0,101,70,6.34,1.478,11.7,2.8,1.6,7.7,4.75,0
247,Nick Gardewine,18,TEX,AL,0.1,0,0,,3.6,3,0,1,0,0,0,5,7,2,2,0,0,0,4,1,0,0,23,140,2.16,1.4,12.6,0,0,7.2,,0
248,Amir Garrett*,18,CIN,NL,0.6,1,2,0.333,4.29,66,0,7,0,0,0,63,56,30,30,8,25,3,71,3,0,3,264,97,3.89,1.286,8,1.1,3.6,10.1,2.84,0
249,Mitch Garver,18,MIN,AL,0,0,0,,0,1,0,1,0,0,0,1,1,0,0,0,0,0,0,0,0,0,4,,3.16,1,9,0,0,0,,0
250,Kevin Gausman,18,2TM,2LG,3.1,10,11,0.476,3.92,31,31,0,0,0,0,183.2,189,85,80,26,50,1,148,7,0,6,776,108,4.32,1.301,9.3,1.3,2.5,7.3,2.96,0
251,Sam Gaviglio,18,TOR,AL,0.4,3,10,0.231,5.31,26,24,1,0,0,0,123.2,140,77,73,21,38,1,105,4,2,6,548,80,4.69,1.439,10.2,1.5,2.8,7.6,2.76,0
252,Cory Gearrin,18,3TM,2LG,0.9,2,1,0.667,3.77,62,0,12,0,0,1,57.1,56,24,24,7,21,1,53,6,0,4,248,113,4.31,1.343,8.8,1.1,3.3,8.3,2.52,0
253,Domingo Germán,18,NYY,AL,-0.4,2,6,0.25,5.57,21,14,2,0,0,0,85.2,81,55,53,15,33,0,102,5,1,7,375,75,4.39,1.331,8.5,1.6,3.5,10.7,3.09,0
254,Kyle Gibson,18,MIN,AL,3.5,10,13,0.435,3.62,32,32,0,0,0,0,196.2,177,88,79,23,79,2,179,4,0,8,826,118,4.13,1.302,8.1,1.1,3.6,8.2,2.27,0
255,Ken Giles,18,2TM,AL,-0.2,0,3,0,4.65,55,0,42,0,0,26,50.1,54,28,26,6,7,0,53,1,0,2,212,91,3.08,1.212,9.7,1.1,1.3,9.5,7.57,0
256,Sean Gilmartin*,18,BAL,AL,0.7,1,1,0.5,3,12,0,2,0,0,0,27,23,9,9,4,11,0,15,2,0,0,113,144,5.42,1.259,7.7,1.3,3.7,5,1.36,0
257,Chris Gimenez,18,2TM,2LG,-0.3,0,0,,36,2,0,2,0,0,0,2,8,8,8,3,1,0,2,0,0,0,15,16,22.16,4.5,36,13.5,4.5,9,2,0
258,Lucas Giolito,18,CHW,AL,-1.3,10,13,0.435,6.13,32,32,0,0,0,0,173.1,166,123,118,27,90,2,125,15,0,13,775,69,5.56,1.477,8.6,1.4,4.7,6.5,1.39,0
259,Mychal Givens,18,BAL,AL,0.9,0,7,0,3.99,69,0,32,0,0,9,76.2,61,37,34,4,30,4,79,3,0,4,317,107,3.07,1.187,7.2,0.5,3.5,9.3,2.63,0
260,Tyler Glasnow,18,2TM,2LG,0.7,2,7,0.222,4.27,45,11,9,0,0,0,111.2,89,55,53,15,53,3,136,4,2,12,468,94,4,1.272,7.2,1.2,4.3,11,2.57,0
261,Koda Glover,18,WSN,NL,0.4,1,3,0.25,3.31,21,0,6,0,0,1,16.1,13,6,6,1,10,1,9,0,0,0,71,131,4.69,1.408,7.2,0.6,5.5,5,0.9,0
262,Zack Godley,18,ARI,NL,-0.9,15,11,0.577,4.74,33,32,0,0,0,0,178.1,177,103,94,16,81,2,185,12,1,17,791,89,3.82,1.447,8.9,0.8,4.1,9.3,2.28,0
263,Erik Goeddel,18,2TM,2LG,0.6,3,0,1,2.95,31,0,8,0,0,0,36.2,26,12,12,4,20,3,44,1,0,3,155,135,3.9,1.255,6.4,1,4.9,10.8,2.2,0
264,Luiz Gohara*,18,ATL,NL,-0.3,0,1,0,5.95,9,1,3,0,0,1,19.2,16,13,13,3,8,0,18,0,0,0,82,70,4.53,1.22,7.3,1.4,3.7,8.2,2.25,0
265,Austin Gomber*,18,STL,NL,0.4,6,2,0.75,4.44,29,11,1,0,0,0,75,81,40,37,7,32,4,67,4,1,3,334,88,4.03,1.507,9.7,0.8,3.8,8,2.09,0
266,Carlos Gómez,18,TBR,AL,-0.1,0,0,,81,1,0,0,0,0,0,0.1,0,3,3,0,4,0,0,0,2,0,5,11,39.16,12,0,0,108,0,0,0
267,Jeanmar Gómez,18,CHW,AL,-0.2,0,2,0,4.68,26,0,5,0,0,0,25,29,15,13,3,10,1,27,1,0,0,114,92,3.88,1.56,10.4,1.1,3.6,9.7,2.7,0
268,Roberto Gómez,18,SFG,NL,-0.5,1,0,1,7.71,5,0,2,0,0,0,9.1,20,11,8,0,1,0,8,1,0,0,49,51,2.09,2.25,19.3,0,1,7.7,8,0
269,Stephen Gonsalves*,18,MIN,AL,-0.7,2,2,0.5,6.57,7,4,0,0,0,0,24.2,28,22,18,2,22,0,16,1,0,2,122,66,5.71,2.027,10.2,0.7,8,5.8,0.73,0
270,Marco Gonzales*,18,SEA,AL,2.3,13,9,0.591,4,29,29,0,1,0,0,166.2,172,76,74,17,32,0,145,6,0,2,686,102,3.43,1.224,9.3,0.9,1.7,7.8,4.53,0
271,Gio González*,18,2TM,NL,1.5,10,11,0.476,4.21,32,32,0,0,0,0,171,167,84,80,17,80,2,148,2,0,5,746,100,4.16,1.444,8.8,0.9,4.2,7.8,1.85,0
272,Merandy González,18,MIA,NL,-0.2,2,1,0.667,5.73,8,1,3,0,0,0,22,31,14,14,4,8,1,19,0,0,0,103,68,4.89,1.773,12.7,1.6,3.3,7.8,2.38,0
273,Miguel González,18,CHW,AL,-0.7,0,3,0,12.41,3,3,0,0,0,0,12.1,24,18,17,4,6,0,5,0,0,1,66,35,8.02,2.432,17.5,2.9,4.4,3.6,0.83,0
274,Nick Goody,18,CLE,AL,-0.3,0,2,0,6.94,12,0,1,0,0,0,11.2,15,9,9,4,5,1,12,1,0,1,58,64,7.1,1.714,11.6,3.1,3.9,9.3,2.4,0
275,Daniel Gossett,18,OAK,AL,0,0,3,0,5.18,5,5,0,0,0,0,24.1,25,14,14,5,8,0,12,1,0,1,102,81,5.95,1.356,9.2,1.8,3,4.4,1.5,0
276,Trevor Gott,18,WSN,NL,-0.2,0,2,0,5.68,20,0,5,0,0,0,19,19,13,12,4,10,1,15,2,0,2,84,76,6.21,1.526,9,1.9,4.7,7.1,1.5,0
277,Matt Grace*,18,WSN,NL,1.1,1,1,0.5,2.87,56,0,12,0,0,0,59.2,55,22,19,5,13,2,48,2,0,1,247,149,3.39,1.14,8.3,0.8,2,7.2,3.69,0
278,Kendall Graveman,18,OAK,AL,-0.9,1,5,0.167,7.6,7,7,0,0,0,0,34.1,44,32,29,9,13,0,27,1,0,2,158,55,6.22,1.66,11.5,2.4,3.4,7.1,2.08,0
279,Brett Graves,18,MIA,NL,-0.3,1,1,0.5,5.4,21,0,16,0,0,1,33.1,41,22,20,3,12,2,21,4,0,1,148,72,4.51,1.59,11.1,0.8,3.2,5.7,1.75,0
280,Jon Gray,18,COL,NL,1.3,12,9,0.571,5.12,31,31,0,0,0,0,172.1,180,102,98,27,52,1,183,6,2,6,743,92,4.08,1.346,9.4,1.4,2.7,9.6,3.52,0
281,Sonny Gray,18,NYY,AL,0.1,11,9,0.55,4.9,30,23,2,0,0,0,130.1,138,73,71,14,57,0,123,8,1,9,582,86,4.17,1.496,9.5,1,3.9,8.5,2.16,0
282,Chad Green,18,NYY,AL,2,8,3,0.727,2.5,63,0,3,0,0,0,75.2,64,22,21,9,15,2,94,1,0,3,298,168,2.86,1.044,7.6,1.1,1.8,11.2,6.27,0
283,Shane Greene,18,DET,AL,-0.3,4,6,0.4,5.12,66,0,58,0,0,32,63.1,68,39,36,12,19,1,65,3,0,3,279,88,4.61,1.374,9.7,1.7,2.7,9.2,3.42,0
284,Luke Gregerson,18,STL,NL,-0.3,0,0,,7.11,17,0,4,0,0,0,12.2,14,10,10,2,6,0,12,0,1,2,57,56,4.74,1.579,9.9,1.4,4.3,8.5,2,0
285,Zack Greinke,18,ARI,NL,4,15,11,0.577,3.21,33,33,0,0,0,0,207.2,181,77,74,28,43,3,199,6,0,4,839,131,3.7,1.079,7.8,1.2,1.9,8.6,4.63,0
286,Justin Grimm,18,2TM,AL,-1.2,1,3,0.25,10.38,21,0,5,0,0,0,17.1,19,20,20,3,14,1,11,0,0,1,83,43,6.56,1.904,9.9,1.6,7.3,5.7,0.79,0
287,Robert Gsellman,18,NYM,NL,-0.4,6,3,0.667,4.28,68,0,24,0,0,13,80,76,44,38,8,28,6,70,5,0,1,345,87,3.95,1.3,8.6,0.9,3.2,7.9,2.5,0
288,Reymin Guduan*,18,HOU,AL,0.1,0,0,,2.7,3,0,2,0,0,0,3.1,1,1,1,1,0,0,4,0,0,0,11,170,4.66,0.3,2.7,2.7,0,10.8,,0
289,Javy Guerra,18,MIA,NL,-0.9,1,1,0.5,5.55,32,0,12,0,0,1,35.2,42,27,22,4,12,2,30,3,0,3,162,70,4.2,1.514,10.6,1,3,7.6,2.5,0
290,Junior Guerra,18,MIL,NL,-0.1,6,9,0.4,4.09,31,26,1,0,0,0,141,143,74,64,19,55,0,136,4,0,11,611,100,4.24,1.404,9.1,1.2,3.5,8.7,2.47,0
291,Tayron Guerrero,18,MIA,NL,-1,1,3,0.25,5.43,60,0,11,0,0,0,58,64,40,35,8,30,1,68,3,0,8,268,71,4.32,1.621,9.9,1.2,4.7,10.6,2.27,0
292,Taylor Guerrieri,18,TOR,AL,0.1,0,0,,4.66,9,0,5,0,0,0,9.2,9,5,5,1,4,0,8,3,0,2,44,94,5.02,1.345,8.4,0.9,3.7,7.4,2,0
293,Preston Guilmet,18,2TM,2LG,-0.5,0,1,0,11.7,8,0,2,0,0,0,10,18,13,13,6,4,1,8,0,0,1,52,38,10.56,2.2,16.2,5.4,3.6,7.2,2,0
294,Brandon Guyer,18,CLE,AL,0,0,0,,0,1,0,1,0,0,0,1,0,0,0,0,0,0,0,0,0,0,3,,3.16,0,0,0,0,0,,0
295,Jedd Gyorko,18,STL,NL,0,0,0,,9,1,0,1,0,0,0,1,2,1,1,1,0,0,0,1,0,0,6,60,19.16,2,18,9,0,0,,0
297,David Hale,18,2TM,AL,0.1,0,0,,4.61,4,0,1,0,0,0,13.2,16,7,7,3,5,0,8,1,0,0,62,98,6.16,1.537,10.5,2,3.3,5.3,1.6,0
298,Justin Haley,18,BOS,AL,0.1,0,0,,4.7,4,0,3,0,0,0,7.2,10,4,4,2,3,0,0,0,0,0,35,98,7.73,1.696,11.7,2.3,3.5,0,0,0
299,Matt Hall*,18,DET,AL,-0.6,0,0,,14.63,5,0,2,0,0,0,8,19,16,13,1,3,0,5,1,0,2,48,32,5.04,2.75,21.4,1.1,3.4,5.6,1.67,0
300,Cole Hamels*,18,2TM,2LG,3.6,9,12,0.429,3.78,32,32,0,1,0,0,190.2,176,93,80,29,65,0,188,19,3,7,806,120,4.49,1.264,8.3,1.4,3.1,8.9,2.89,0
301,Ian Hamilton,18,CHW,AL,-0.1,1,2,0.333,4.5,10,0,3,0,0,0,8,6,5,4,2,2,0,5,1,0,0,33,98,6.29,1,6.8,2.3,2.3,5.6,2.5,0
302,Jason Hammel,18,KCR,AL,-1,4,14,0.222,6.02,39,18,14,0,0,0,127,168,91,85,18,39,4,92,3,0,3,583,72,4.55,1.63,11.9,1.3,2.8,6.5,2.36,0
303,Justin Hancock,18,CHC,NL,0.3,0,0,,1.46,10,0,6,0,0,0,12.1,5,2,2,1,9,0,11,0,0,0,49,293,4.62,1.135,3.6,0.7,6.6,8,1.22,0
304,Brad Hand*,18,2TM,2LG,1,2,5,0.286,2.75,69,0,42,0,0,32,72,52,28,22,8,28,2,106,9,0,2,301,148,3.2,1.111,6.5,1,3.5,13.3,3.79,0
305,Eric Hanhold,18,NYM,NL,-0.1,0,0,,7.71,3,0,0,0,0,0,2.1,4,2,2,0,1,0,2,1,0,0,13,57,4.02,2.143,15.4,0,3.9,7.7,2,0
306,Ian Happ,18,CHC,NL,0,0,0,,0,1,0,1,0,0,0,1,1,0,0,0,0,0,0,0,0,0,4,,3.16,1,9,0,0,0,,0
307,J.A. Happ*,18,2TM,AL,2.9,17,6,0.739,3.65,31,31,0,0,0,0,177.2,150,81,72,27,51,0,193,9,1,4,733,116,3.98,1.131,7.6,1.4,2.6,9.8,3.78,0
308,Blaine Hardy*,18,DET,AL,2.1,4,5,0.444,3.56,30,13,5,0,0,1,86,79,37,34,10,22,1,66,2,0,2,351,127,3.97,1.174,8.3,1,2.3,6.9,3,0
309,Will Harris,18,HOU,AL,0.7,5,3,0.625,3.49,61,0,11,0,0,0,56.2,48,22,22,3,14,1,64,2,0,6,230,119,2.44,1.094,7.6,0.5,2.2,10.2,4.57,0
310,Donnie Hart*,18,BAL,AL,0,0,0,,5.59,20,0,3,0,0,0,19.1,31,13,12,2,12,0,13,0,0,0,99,78,5.02,2.224,14.4,0.9,5.6,6.1,1.08,0
311,Matt Harvey,18,2TM,NL,1.1,7,9,0.438,4.94,32,28,2,0,0,0,155,165,87,85,27,37,2,131,6,1,2,663,83,4.57,1.303,9.6,1.6,2.1,7.6,3.54,0
312,Chris Hatcher,18,OAK,AL,-0.2,3,3,0.5,4.95,34,0,14,0,0,0,36.1,43,23,20,7,17,1,30,1,0,0,167,84,5.5,1.651,10.7,1.7,4.2,7.4,1.76,0
313,Mike Hauschild,18,TOR,AL,0.1,1,1,0.5,4.32,2,1,0,0,0,0,8.1,7,4,4,0,4,0,5,2,0,0,36,102,4.12,1.32,7.6,0,4.3,5.4,1.25,0
314,Andrew Heaney*,18,LAA,AL,2,9,10,0.474,4.15,30,30,0,1,1,0,180,171,91,83,27,45,0,180,8,0,9,749,101,3.99,1.2,8.6,1.4,2.3,9,4,0
315,Jeremy Hellickson,18,WSN,NL,1.3,5,3,0.625,3.45,19,19,0,0,0,0,91.1,78,41,35,11,20,1,65,8,1,2,370,123,4.22,1.073,7.7,1.1,2,6.4,3.25,0
316,Heath Hembree,18,BOS,AL,0.3,4,1,0.8,4.2,67,0,10,0,0,0,60,53,30,28,10,27,1,76,1,1,4,260,105,4.19,1.333,8,1.5,4.1,11.4,2.81,0
317,Kyle Hendricks,18,CHC,NL,2.8,14,11,0.56,3.44,33,33,0,0,0,0,199,184,82,76,22,44,4,161,9,0,0,812,121,3.78,1.146,8.3,1,2,7.3,3.66,0
318,Liam Hendriks,18,OAK,AL,0.2,0,1,0,4.13,25,8,1,0,0,0,24,25,11,11,3,10,0,22,1,0,1,104,102,4.33,1.458,9.4,1.1,3.8,8.3,2.2,0
319,David Hernández,18,CIN,NL,1.9,5,2,0.714,2.53,57,0,6,0,0,0,64,46,20,18,6,17,1,65,5,2,3,254,165,3.38,0.984,6.5,0.8,2.4,9.1,3.82,0
320,Elieser Hernández,18,MIA,NL,-0.4,2,7,0.222,5.21,32,6,6,0,0,0,65.2,68,38,38,11,27,3,45,2,1,1,284,74,5.29,1.447,9.3,1.5,3.7,6.2,1.67,0
321,Félix Hernández,18,SEA,AL,-1.3,8,14,0.364,5.55,29,28,0,0,0,0,155.2,159,107,96,27,59,0,125,12,0,11,685,73,5.18,1.4,9.2,1.6,3.4,7.2,2.12,0
322,Kiké Hernández,18,LAD,NL,-0.4,0,1,0,81,1,0,1,0,0,0,0.1,1,3,3,1,2,0,0,0,0,0,4,10,60.16,9,27,27,54,0,0,0
323,Kelvin Herrera,18,2TM,2LG,1.7,2,3,0.4,2.44,48,0,32,0,0,17,44.1,43,12,12,6,10,0,38,1,1,0,184,178,3.95,1.195,8.7,1.2,2,7.7,3.8,0
324,David Hess,18,BAL,AL,0.5,3,10,0.231,4.88,21,19,1,0,0,0,103.1,106,64,56,22,37,2,74,8,1,3,454,88,5.8,1.384,9.2,1.9,3.2,6.4,2,0
325,Jordan Hicks,18,STL,NL,0.7,3,4,0.429,3.59,73,0,20,0,0,6,77.2,59,33,31,2,45,2,70,8,0,9,339,108,3.74,1.339,6.8,0.2,5.2,8.1,1.56,0
326,Trevor Hildenberger,18,MIN,AL,-0.8,4,6,0.4,5.42,73,0,20,0,0,7,73,75,46,44,12,26,9,70,2,0,2,319,79,4.53,1.384,9.2,1.5,3.2,8.6,2.69,0
327,Rich Hill*,18,LAD,NL,1.5,11,5,0.688,3.66,25,24,0,0,0,0,132.2,108,57,54,20,41,3,150,8,1,2,547,106,3.97,1.123,7.3,1.4,2.8,10.2,3.66,0
328,Tim Hill*,18,KCR,AL,-0.1,1,4,0.2,4.53,70,0,9,0,0,2,45.2,46,28,23,4,14,0,42,2,0,0,198,96,3.51,1.314,9.1,0.8,2.8,8.3,3,0
329,Yoshihisa Hirano,18,ARI,NL,1.2,4,3,0.571,2.44,75,0,10,0,0,3,66.1,49,22,18,6,23,4,59,2,1,6,262,173,3.69,1.085,6.6,0.8,3.1,8,2.57,0
330,Jeff Hoffman,18,COL,NL,-0.3,0,0,,9.35,6,1,1,0,0,0,8.2,15,9,9,0,7,1,5,0,0,1,44,52,4.43,2.538,15.6,0,7.3,5.2,0.71,0
331,Bryan Holaday,18,MIA,NL,-0.1,0,0,,13.5,2,0,2,0,0,0,2,4,3,3,1,0,0,1,0,0,0,10,34,8.66,2,18,4.5,0,4.5,,0
332,Jonathan Holder,18,NYY,AL,0.8,1,3,0.25,3.14,60,1,14,0,0,0,66,53,27,23,4,19,3,60,1,0,1,272,134,3.04,1.091,7.2,0.5,2.6,8.2,3.16,0
333,Derek Holland*,18,SFG,NL,2.5,7,9,0.438,3.57,36,30,1,0,0,0,171.1,154,74,68,19,67,6,169,4,1,2,727,106,3.87,1.29,8.1,1,3.5,8.9,2.52,0
334,Greg Holland,18,2TM,NL,-0.1,2,2,0.5,4.66,56,0,13,0,0,3,46.1,43,30,24,2,32,2,47,1,0,0,212,88,3.83,1.619,8.4,0.4,6.2,9.1,1.47,0
335,Clay Holmes,18,PIT,NL,-0.5,1,3,0.25,6.84,11,4,6,0,0,0,26.1,30,21,20,2,23,1,21,2,0,4,129,58,5.4,2.013,10.3,0.7,7.9,7.2,0.91,0
336,J.J. Hoover,18,MIL,NL,-0.3,0,1,0,20.25,2,0,2,0,0,0,1.1,4,3,3,1,2,0,0,0,0,0,10,26,17.41,4.5,27,6.8,13.5,0,0,0
337,Adrian Houser,18,MIL,NL,0.1,0,0,,3.29,7,0,5,0,0,0,13.2,13,5,5,0,7,0,8,1,0,1,59,127,3.75,1.463,8.6,0,4.6,5.3,1.14,0
338,Sam Howard*,18,COL,NL,0.1,0,0,,2.25,4,0,4,0,0,0,4,5,1,1,0,3,0,1,1,0,0,20,227,5.66,2,11.3,0,6.8,2.3,0.33,0
339,James Hoyt,18,HOU,AL,0,0,0,,0,1,0,0,0,0,0,0.1,1,0,0,0,1,0,0,0,0,0,3,,12.16,6,27,0,27,0,0,0
340,Chih-Wei Hu,18,TBR,AL,0.1,0,0,,4.15,5,0,3,0,0,0,13,7,6,6,2,3,0,12,0,0,0,50,102,4.01,0.769,4.8,1.4,2.1,8.3,4,0
341,Dakota Hudson,18,STL,NL,0.6,4,1,0.8,2.63,26,0,2,0,0,0,27.1,19,9,8,0,18,0,19,1,0,2,118,149,3.86,1.354,6.3,0,5.9,6.3,1.06,0
342,Daniel Hudson,18,LAD,NL,-0.4,3,2,0.6,4.11,40,1,11,0,0,0,46,38,25,21,6,18,1,44,4,0,3,197,95,4.38,1.217,7.4,1.2,3.5,8.6,2.44,0
343,Jared Hughes,18,CIN,NL,3.4,4,3,0.571,1.94,72,0,23,0,0,7,78.2,57,17,17,4,23,2,59,2,0,5,298,214,3.27,1.017,6.5,0.5,2.6,6.8,2.57,0
344,Phil Hughes,18,2TM,2LG,-0.4,0,0,,6.34,23,2,14,0,0,0,32.2,44,23,23,11,10,1,32,1,0,0,152,64,6.59,1.653,12.1,3,2.8,8.8,3.2,0
345,Tommy Hunter,18,PHI,NL,1.3,5,4,0.556,3.8,65,0,10,0,0,4,64,65,28,27,6,15,1,51,3,0,1,270,109,3.63,1.25,9.1,0.8,2.1,7.2,3.4,0
346,Drew Hutchison,18,2TM,2LG,-0.3,2,2,0.5,6.75,16,5,6,0,0,0,42.2,50,32,32,9,26,0,31,2,0,5,199,67,6.42,1.781,10.5,1.9,5.5,6.5,1.19,0
347,Raisel Iglesias,18,CIN,NL,2.1,2,5,0.286,2.38,66,0,57,0,0,30,72,52,22,19,12,25,2,80,2,0,2,291,176,4.23,1.069,6.5,1.5,3.1,10,3.2,0
348,Gregory Infante,18,CHW,AL,-0.3,1,1,0.5,8,10,0,1,0,0,0,9,12,8,8,0,8,2,6,0,0,1,42,55,4.49,2.222,12,0,8,6,0.75,0
349,Edwin Jackson,18,OAK,AL,1.7,6,3,0.667,3.33,17,17,0,0,0,0,92,75,37,34,12,37,1,68,2,1,5,381,125,4.65,1.217,7.3,1.2,3.6,6.7,1.84,0
350,Luke Jackson,18,ATL,NL,-0.1,1,2,0.333,4.43,35,0,11,0,0,1,40.2,41,22,20,3,21,3,46,2,1,6,184,93,3.55,1.525,9.1,0.7,4.6,10.2,2.19,0
351,Josh James,18,HOU,AL,0.7,2,0,1,2.35,6,3,0,0,0,0,23,15,6,6,3,7,0,29,2,0,0,91,179,3.51,0.957,5.9,1.2,2.7,11.3,4.14,0
352,Kenley Jansen,18,LAD,NL,0.6,1,5,0.167,3.01,69,0,59,0,0,38,71.2,54,28,24,13,17,1,82,2,2,0,289,129,4.03,0.991,6.8,1.6,2.1,10.3,4.82,0
353,Jeremy Jeffress,18,MIL,NL,3.3,8,1,0.889,1.29,73,0,24,0,0,15,76.2,49,12,11,5,27,4,89,1,0,4,299,317,2.78,0.991,5.8,0.6,3.2,10.4,3.3,0
354,Dan Jennings*,18,MIL,NL,0.2,4,5,0.444,3.22,72,1,11,0,0,1,64.1,66,27,23,6,23,1,45,1,1,2,271,127,4.09,1.383,9.2,0.8,3.2,6.3,1.96,0
355,Kevin Jepsen,18,TEX,AL,-0.3,0,3,0,5.94,21,0,3,0,0,0,16.2,15,13,11,4,11,1,8,1,0,0,77,81,7.48,1.56,8.1,2.2,5.9,4.3,0.73,0
356,Williams Jerez*,18,LAA,AL,-0.6,0,0,,6,17,0,1,0,0,0,15,17,14,10,3,8,0,15,0,0,2,71,71,5.36,1.667,10.2,1.8,4.8,9,1.88,0
357,Jake Jewell,18,LAA,AL,-0.1,0,1,0,9,3,0,1,0,0,0,2,2,2,2,0,1,0,1,2,0,1,11,55,6.66,1.5,9,0,4.5,4.5,1,0
358,Joe Jiménez,18,DET,AL,0.2,5,4,0.556,4.31,68,0,17,0,0,3,62.2,53,34,30,5,22,3,78,3,0,3,267,105,2.9,1.197,7.6,0.7,3.2,11.2,3.55,0
359,Brian Johnson*,18,BOS,AL,1.2,4,5,0.444,4.17,38,13,10,0,0,0,99.1,104,49,46,16,38,0,87,1,0,1,434,106,4.68,1.43,9.4,1.4,3.4,7.9,2.29,0
360,DJ Johnson,18,COL,NL,0.1,1,0,1,4.26,7,0,3,0,0,0,6.1,6,3,3,0,2,0,9,0,0,0,27,116,1.27,1.263,8.5,0,2.8,12.8,4.5,0
361,Jim Johnson,18,LAA,AL,-0.4,5,3,0.625,3.84,62,1,14,0,0,2,63.1,64,38,27,9,22,1,45,1,0,5,268,110,4.68,1.358,9.1,1.3,3.1,6.4,2.05,0
362,Pierce Johnson,18,SFG,NL,-0.3,3,2,0.6,5.56,37,0,7,0,0,0,43.2,38,27,27,5,22,1,36,0,0,1,186,69,4.51,1.374,7.8,1,4.5,7.4,1.64,0
363,Nate Jones,18,CHW,AL,0.3,2,2,0.5,3,33,0,15,0,0,5,30,28,14,10,4,15,0,32,3,0,2,137,143,4.56,1.433,8.4,1.2,4.5,9.6,2.13,0
364,Jakob Junis,18,KCR,AL,2.1,9,12,0.429,4.37,30,30,0,1,0,0,177,182,94,86,32,43,1,164,15,0,9,758,99,4.64,1.271,9.3,1.6,2.2,8.3,3.81,0
365,Ariel Jurado,18,TEX,AL,0.2,5,5,0.5,5.93,12,8,0,0,0,0,54.2,66,36,36,7,18,1,22,0,0,0,241,80,5.01,1.537,10.9,1.2,3,3.6,1.22,0
366,Tommy Kahnle,18,NYY,AL,-0.9,2,0,1,6.56,24,0,7,0,0,1,23.1,23,22,17,3,15,0,30,0,0,2,107,65,4.19,1.629,8.9,1.2,5.8,11.6,2,0
367,Keone Kela,18,2TM,2LG,1.5,3,4,0.429,3.29,54,0,36,0,0,24,52,38,19,19,5,19,2,66,0,2,6,212,138,2.97,1.096,6.6,0.9,3.3,11.4,3.47,0
368,Brad Keller,18,KCR,AL,4.2,9,6,0.6,3.08,41,20,2,1,0,0,140.1,133,50,48,7,50,1,96,2,0,8,583,140,3.55,1.304,8.5,0.4,3.2,6.2,1.92,0
369,Shawn Kelley,18,2TM,2LG,1,2,0,1,2.94,54,0,15,0,0,0,49,33,16,16,7,11,3,50,1,0,2,190,145,3.71,0.898,6.1,1.3,2,9.2,4.55,0
370,Casey Kelly,18,SFG,NL,0.3,0,3,0,3.04,7,3,4,0,0,0,23.2,28,10,8,3,5,1,16,1,1,0,104,127,4.22,1.394,10.6,1.1,1.9,6.1,3.2,0
371,Joe Kelly,18,BOS,AL,0.2,4,2,0.667,4.39,73,0,9,0,0,2,65.2,57,34,32,4,32,0,68,5,0,4,285,101,3.57,1.355,7.8,0.5,4.4,9.3,2.13,0
372,Brett Kennedy,18,SDP,NL,-0.5,1,2,0.333,6.75,6,6,0,0,0,0,26.2,36,20,20,6,12,1,18,2,0,1,128,58,6.31,1.8,12.2,2,4.1,6.1,1.5,0
373,Ian Kennedy,18,KCR,AL,1,3,9,0.25,4.66,22,22,0,0,0,0,119.2,125,66,62,20,40,2,105,1,0,4,518,93,4.61,1.379,9.4,1.5,3,7.9,2.63,0
374,Clayton Kershaw*,18,LAD,NL,3.3,9,5,0.643,2.73,26,26,0,0,0,0,161.1,139,55,49,17,29,0,155,2,0,10,650,142,3.18,1.041,7.8,0.9,1.6,8.6,5.34,0
375,Dallas Keuchel*,18,HOU,AL,2.3,12,11,0.522,3.74,34,34,0,1,0,0,204.2,211,92,85,18,58,0,153,2,0,9,874,111,3.69,1.314,9.3,0.8,2.6,6.7,2.64,0
376,Dean Kiekhefer*,18,OAK,AL,-0.2,0,0,,18,4,0,0,0,0,0,2,7,4,4,1,1,1,1,0,0,1,14,27,10.16,4,31.5,4.5,4.5,4.5,1,0
377,Craig Kimbrel,18,BOS,AL,2.1,5,1,0.833,2.74,63,0,57,0,0,42,62.1,31,19,19,7,31,0,96,2,0,7,247,161,3.13,0.995,4.5,1,4.5,13.9,3.1,0
378,Scott Kingery,18,PHI,NL,-0.1,0,0,,13.5,1,0,1,0,0,0,1.1,4,2,2,0,0,0,0,0,0,0,8,39,3.16,3,27,0,0,0,,0
379,Nick Kingham,18,PIT,NL,-0.5,5,7,0.417,5.21,18,15,1,0,0,0,76,79,50,44,18,26,3,69,5,1,3,342,75,5.65,1.382,9.4,2.1,3.1,8.2,2.65,0
380,Tyler Kinley,18,2TM,2LG,-0.5,0,0,,12.27,13,0,4,0,0,0,11,15,15,15,2,8,2,13,1,0,3,57,35,5.61,2.091,12.3,1.6,6.5,10.6,1.63,0
381,Brandon Kintzler,18,2TM,NL,0,3,3,0.5,4.6,70,0,15,0,0,2,60.2,67,31,31,5,22,5,43,4,0,1,263,93,4.1,1.467,9.9,0.7,3.3,6.4,1.95,0
382,Andrew Kittredge,18,TBR,AL,-1.2,3,2,0.6,7.75,33,3,4,0,0,0,38.1,54,34,33,7,17,5,30,1,0,1,181,53,5.38,1.852,12.7,1.6,4,7,1.76,0
384,Corey Knebel,18,MIL,NL,0.3,4,3,0.571,3.58,57,0,29,0,0,16,55.1,38,23,22,7,22,0,88,4,0,0,223,115,3.03,1.084,6.2,1.1,3.6,14.3,4,0
385,Matt Koch,18,ARI,NL,0.5,5,5,0.5,4.15,19,14,4,0,0,0,86.2,88,43,40,19,22,1,50,6,0,3,360,101,5.83,1.269,9.1,2,2.3,5.2,2.27,0
386,Adam Kolarek*,18,TBR,AL,0.1,1,0,1,3.93,31,0,5,0,0,2,34.1,38,15,15,0,5,1,19,1,0,0,141,105,2.58,1.252,10,0,1.3,5,3.8,0
387,George Kontos,18,3TM,2LG,-0.2,2,3,0.4,4.39,28,0,10,0,0,1,26.2,27,14,13,5,7,0,15,3,0,1,116,95,5.6,1.275,9.1,1.7,2.4,5.1,2.14,0
388,Michael Kopech,18,CHW,AL,0.1,1,1,0.5,5.02,4,4,0,0,0,0,14.1,20,8,8,4,2,0,15,5,0,1,68,86,6.16,1.535,12.6,2.5,1.3,9.4,7.5,0
389,Erik Kratz,18,MIL,NL,0,0,0,,3,3,0,3,0,0,0,3,3,2,1,0,1,0,2,0,0,0,12,153,2.83,1.333,9,0,3,6,2,0
390,Joey Krehbiel,18,ARI,NL,0.1,0,0,,0,2,0,1,0,0,0,3,1,0,0,0,2,0,0,0,0,0,12,,5.16,1,3,0,6,0,0,0
391,Ian Krol*,18,LAA,AL,0.1,0,0,,0,1,0,0,0,0,0,2,1,0,0,0,1,0,2,0,0,0,8,,2.66,1,4.5,0,4.5,9,2,0
392,Chad Kuhl,18,PIT,NL,0.1,5,5,0.5,4.55,16,16,0,0,0,0,85,89,47,43,14,33,1,81,4,0,7,373,86,4.7,1.435,9.4,1.5,3.5,8.6,2.45,0
393,Tommy La Stella,18,CHC,NL,0,0,0,,6.75,1,0,0,0,0,0,1.1,3,1,1,1,0,0,0,0,0,0,6,79,12.91,2.25,20.3,6.8,0,0,,0
394,Ryan LaMarre*,18,MIN,AL,0,0,0,,13.5,1,0,1,0,0,0,0.2,1,1,1,1,0,0,0,0,0,0,3,49,22.66,1.5,13.5,13.5,0,0,,0
395,John Lamb*,18,LAA,AL,-0.3,0,1,0,7.2,3,3,0,0,0,0,10,15,10,8,4,4,1,11,0,0,0,50,60,7.36,1.9,13.5,3.6,3.6,9.9,2.75,0
396,Eric Lauer*,18,SDP,NL,0.1,6,7,0.462,4.34,23,23,0,0,0,0,112,127,61,54,15,46,2,100,6,1,2,504,89,4.51,1.545,10.2,1.2,3.7,8,2.17,0
397,Derek Law,18,SFG,NL,-0.4,1,0,1,7.43,7,0,4,0,0,0,13.1,16,13,11,2,8,0,12,1,0,1,66,53,5.34,1.8,10.8,1.4,5.4,8.1,1.5,0
398,Casey Lawrence,18,SEA,AL,-0.3,1,0,1,7.33,11,0,5,0,0,0,23.1,28,19,19,2,10,1,14,2,0,1,106,56,4.62,1.629,10.8,0.8,3.9,5.4,1.4,0
399,Mike Leake,18,SEA,AL,1.5,10,10,0.5,4.36,31,31,0,0,0,0,185.2,207,98,90,23,34,3,119,6,0,2,784,93,4.13,1.298,10,1.1,1.6,5.8,3.5,0
400,Wade LeBlanc*,18,SEA,AL,2.2,9,5,0.643,3.72,32,27,5,0,0,0,162,151,74,67,24,40,1,130,3,0,1,662,109,4.28,1.179,8.4,1.3,2.2,7.2,3.25,0
401,José Leclerc,18,TEX,AL,2.5,2,3,0.4,1.56,59,0,21,0,0,12,57.2,24,16,10,1,25,1,85,3,0,2,223,305,1.89,0.85,3.7,0.2,3.9,13.3,3.4,0
402,Mark Leiter Jr.,18,2TM,2LG,-1.1,0,1,0,7.71,20,0,4,0,0,0,23.1,35,28,20,7,12,3,22,2,0,2,123,55,6.97,2.014,13.5,2.7,4.6,8.5,1.83,0
403,Dominic Leone,18,STL,NL,0.1,1,2,0.333,4.5,29,0,8,0,0,0,24,27,12,12,3,8,3,26,0,0,0,106,87,3.62,1.458,10.1,1.1,3,9.8,3.25,0
405,Artie Lewicki,18,DET,AL,0.1,0,2,0,4.89,13,3,6,0,0,0,38.2,48,24,21,4,14,1,30,1,0,0,170,93,4.12,1.603,11.2,0.9,3.3,7,2.14,0
406,Adam Liberatore*,18,LAD,NL,0.2,2,1,0.667,2.77,17,0,4,0,0,0,13,10,4,4,1,8,0,12,1,0,0,54,144,4.39,1.385,6.9,0.7,5.5,8.3,1.5,0
407,Francisco Liriano*,18,DET,AL,0.3,5,12,0.294,4.58,27,26,0,0,0,0,133.2,127,84,68,19,73,0,110,5,0,9,586,98,5.11,1.496,8.6,1.3,4.9,7.4,1.51,0
408,Zack Littell,18,MIN,AL,-0.5,0,2,0,6.2,8,2,1,0,0,0,20.1,25,17,14,3,11,0,14,4,0,0,101,70,5.91,1.77,11.1,1.3,4.9,6.2,1.27,0
409,Ben Lively,18,2TM,2LG,0.1,0,3,0,5.64,10,5,1,0,0,0,30.1,41,19,19,4,15,1,27,3,0,0,145,75,4.87,1.846,12.2,1.2,4.5,8,1.8,0
410,Jonathan Loáisiga,18,NYY,AL,-0.2,2,0,1,5.11,9,4,2,0,0,0,24.2,26,17,14,3,12,0,33,0,0,0,108,83,3.52,1.541,9.5,1.1,4.4,12,2.75,0
411,Walker Lockett,18,SDP,NL,-0.6,0,3,0,9.6,4,3,1,0,0,0,15,22,16,16,4,10,1,12,0,0,0,76,41,7.03,2.133,13.2,2.4,6,7.2,1.2,0
412,Boone Logan*,18,MIL,NL,-0.2,1,0,1,5.91,16,0,4,0,0,0,10.2,15,7,7,3,10,3,14,1,0,1,58,71,7.29,2.344,12.7,2.5,8.4,11.8,1.4,0
413,Jorge López,18,2TM,2LG,0,2,5,0.286,5.03,17,7,8,0,0,0,53.2,57,30,30,6,22,1,38,1,0,3,234,85,4.48,1.472,9.6,1,3.7,6.4,1.73,0
414,Pablo López,18,MIA,NL,0.7,2,4,0.333,4.14,10,10,0,0,0,0,58.2,56,28,27,8,18,5,46,4,0,2,247,93,4.49,1.261,8.6,1.2,2.8,7.1,2.56,0
415,Reynaldo López,18,CHW,AL,3.1,7,10,0.412,3.91,32,32,0,0,0,0,188.2,165,88,82,25,75,1,151,10,3,7,799,108,4.63,1.272,7.9,1.2,3.6,7.2,2.01,0
416,Yoan López,18,ARI,NL,0.1,0,0,,3,10,0,5,0,0,0,9,7,3,3,2,1,0,11,0,0,0,35,145,3.94,0.889,7,2,1,11,11,0
417,Michael Lorenzen,18,CIN,NL,1.5,4,2,0.667,3.11,45,3,10,0,0,1,81,78,32,28,6,34,2,54,3,0,2,344,134,4.16,1.383,8.7,0.7,3.8,6,1.59,0
418,Aaron Loup*,18,2TM,2LG,0.2,0,0,,4.54,59,0,8,0,0,0,39.2,48,23,20,4,14,0,44,4,0,0,183,95,3.61,1.563,10.9,0.9,3.2,10,3.14,0
419,Josh Lucas,18,OAK,AL,-0.2,0,0,,6.28,8,1,4,0,0,0,14.1,16,11,10,1,9,0,14,1,0,0,66,68,4.21,1.744,10,0.6,5.7,8.8,1.56,0
420,Joey Lucchesi*,18,SDP,NL,1,8,9,0.471,4.08,26,26,0,0,0,0,130,125,63,59,23,43,2,145,4,0,4,548,94,4.31,1.292,8.7,1.6,3,10,3.37,0
421,Seth Lugo,18,NYM,NL,2.1,3,4,0.429,2.66,54,5,13,0,0,3,101.1,81,36,30,9,28,4,103,2,1,2,410,140,3.17,1.076,7.2,0.8,2.5,9.1,3.68,0
422,Jordan Lyles,18,2TM,NL,0.4,3,4,0.429,4.11,35,8,10,0,0,0,87.2,83,42,40,12,28,3,84,3,0,5,371,95,4.08,1.266,8.5,1.2,2.9,8.6,3,0
423,Lance Lynn,18,2TM,AL,0.4,10,10,0.5,4.77,31,29,0,0,0,0,156.2,163,87,83,14,76,3,161,6,0,5,700,89,3.84,1.526,9.4,0.8,4.4,9.2,2.12,0
424,Tyler Lyons*,18,STL,NL,-0.9,1,0,1,8.64,27,0,2,0,0,0,16.2,24,16,16,3,8,2,19,2,0,2,83,46,5.02,1.92,13,1.6,4.3,10.3,2.38,0
425,Ryan Madson,18,2TM,NL,-0.8,2,5,0.286,5.47,58,0,11,0,0,4,52.2,58,34,32,7,16,2,54,4,0,3,231,77,3.98,1.405,9.9,1.2,2.7,9.2,3.38,0
426,Kenta Maeda,18,LAD,NL,0.7,8,10,0.444,3.81,39,20,4,0,0,2,125.1,115,58,53,13,43,4,153,5,2,2,532,102,3.22,1.261,8.3,0.9,3.1,11,3.56,0
427,Matt Magill,18,MIN,AL,0.7,3,3,0.5,3.81,40,0,9,0,0,0,56.2,58,24,24,11,23,0,56,3,0,0,249,113,5.08,1.429,9.2,1.7,3.7,8.9,2.43,0
428,Tyler Mahle,18,CIN,NL,0.2,7,9,0.438,4.98,23,23,0,0,0,0,112,125,68,62,22,53,7,110,3,0,1,507,84,5.25,1.589,10,1.8,4.3,8.8,2.08,0
429,Kazuhisa Makita,18,SDP,NL,-0.4,0,1,0,5.4,27,0,9,0,0,0,35,32,23,21,7,12,2,37,2,0,0,149,72,4.85,1.257,8.2,1.8,3.1,9.5,3.08,0
430,Sean Manaea*,18,OAK,AL,2.9,12,9,0.571,3.59,27,27,0,1,1,0,160.2,141,67,64,21,32,1,108,8,0,9,654,116,4.26,1.077,7.9,1.2,1.8,6,3.38,0
431,Brandon Mann*,18,TEX,AL,0,0,0,,5.4,7,0,4,0,0,0,8.1,7,5,5,1,4,0,3,2,0,1,36,91,6.16,1.32,7.6,1.1,4.3,3.2,0.75,0
432,Dillon Maples,18,CHC,NL,-0.3,1,0,1,11.81,9,0,1,0,0,0,5.1,7,7,7,2,5,0,9,2,0,2,29,38,8.6,2.25,11.8,3.4,8.4,15.2,1.8,0
433,Jhan Mariñez,18,BAL,AL,0,0,0,,5.63,8,0,2,0,0,0,8,9,6,5,1,9,0,3,0,0,0,40,79,7.41,2.25,10.1,1.1,10.1,3.4,0.33,0
434,Germán Márquez,18,COL,NL,4.2,14,11,0.56,3.77,33,33,0,0,0,0,196,179,90,82,24,57,5,230,8,0,8,817,125,3.4,1.204,8.2,1.1,2.6,10.6,4.04,0
435,Evan Marshall,18,CLE,AL,-0.2,0,0,,7.71,10,0,1,0,0,0,7,12,6,6,0,4,0,9,1,0,1,37,59,2.73,2.286,15.4,0,5.1,11.6,2.25,0
436,Chris Martin,18,TEX,AL,0.6,1,5,0.167,4.54,46,0,8,0,0,0,41.2,46,21,21,5,5,2,37,3,0,4,177,105,3.52,1.224,9.9,1.1,1.1,8,7.4,0
437,Carlos Martínez,18,STL,NL,2,8,6,0.571,3.11,33,18,9,0,0,5,118.2,100,48,41,5,60,4,117,11,0,5,521,125,3.53,1.348,7.6,0.4,4.6,8.9,1.95,0
438,Jeff Mathis,18,ARI,NL,-0.1,0,1,0,9,1,0,1,0,0,0,1,1,1,1,1,0,0,1,0,0,0,4,64,14.16,1,9,9,0,9,,0
439,Phil Maton,18,SDP,NL,-0.1,0,2,0,4.37,45,0,12,0,0,0,47.1,50,25,23,3,23,1,55,2,0,4,214,88,3.24,1.542,9.5,0.6,4.4,10.5,2.39,0
440,Steven Matz*,18,NYM,NL,1.4,5,11,0.313,3.97,30,30,0,0,0,0,154,134,77,68,25,58,2,152,10,0,0,654,94,4.62,1.247,7.8,1.5,3.4,8.9,2.62,0
441,Brandon Maurer,18,KCR,AL,-1.1,0,4,0,7.76,37,0,9,0,0,1,31.1,42,29,27,7,25,2,31,1,0,2,160,56,6.57,2.138,12.1,2,7.2,8.9,1.24,0
442,Trevor May,18,MIN,AL,0.5,4,1,0.8,3.2,24,1,6,0,0,3,25.1,21,9,9,4,5,0,36,1,0,1,103,135,3.08,1.026,7.5,1.4,1.8,12.8,7.2,0
443,Mike Mayers,18,STL,NL,-0.1,2,1,0.667,4.7,50,0,15,0,0,1,51.2,59,28,27,7,15,1,49,1,0,4,226,83,3.95,1.432,10.3,1.2,2.6,8.5,3.27,0
444,Tim Mayza*,18,TOR,AL,0.7,2,0,1,3.28,37,0,9,0,0,0,35.2,33,13,13,3,14,4,40,2,0,2,151,130,3.36,1.318,8.3,0.8,3.5,10.1,2.86,0
445,Cory Mazzoni,18,CHC,NL,0.3,1,0,1,1.04,8,0,4,0,0,0,8.2,5,1,1,0,5,1,7,0,0,0,36,417,3.28,1.154,5.2,0,5.2,7.3,1.4,0
446,Zach McAllister,18,2TM,AL,-0.6,1,2,0.333,6.2,44,0,14,0,0,0,45,57,33,31,8,10,1,39,1,0,3,199,71,4.47,1.489,11.4,1.6,2,7.8,3.9,0
447,Brandon McCarthy,18,ATL,NL,-0.1,6,3,0.667,4.92,15,15,0,0,0,0,78.2,94,45,43,15,21,0,65,0,0,2,339,83,4.79,1.462,10.8,1.7,2.4,7.4,3.1,0
448,Kevin McCarthy,18,KCR,AL,1.5,5,4,0.556,3.25,65,0,10,0,0,0,72,70,28,26,7,20,2,46,2,0,2,293,133,4.06,1.25,8.8,0.9,2.5,5.8,2.3,0
449,Adam McCreery*,18,ATL,NL,-0.1,0,0,,18,1,0,1,0,0,0,1,4,2,2,0,0,0,2,0,0,0,7,31,-0.84,4,36,0,0,18,,0
450,Lance McCullers Jr.,18,HOU,AL,1.4,10,6,0.625,3.86,25,22,0,0,0,0,128.1,100,60,55,12,50,0,142,7,1,14,527,108,3.5,1.169,7,0.8,3.5,10,2.84,0
451,T.J. McFarland*,18,ARI,NL,1.6,2,2,0.5,2,47,0,21,0,0,1,72,64,18,16,4,22,3,42,0,0,2,292,211,3.63,1.194,8,0.5,2.8,5.3,1.91,0
452,Jake McGee*,18,COL,NL,-1,2,4,0.333,6.49,61,0,9,0,0,1,51.1,59,39,37,10,16,1,47,2,0,5,227,73,4.91,1.461,10.3,1.8,2.8,8.2,2.94,0
453,Kyle McGowin,18,WSN,NL,0,0,0,,5.87,5,1,2,0,0,0,7.2,6,5,5,2,5,0,8,0,0,2,34,76,6.42,1.435,7,2.3,5.9,9.4,1.6,0
454,Kyle McGrath*,18,SDP,NL,0,0,0,,4.5,4,0,1,0,0,0,4,3,2,2,2,3,0,4,0,0,0,18,94,9.91,1.5,6.8,4.5,6.8,9,1.33,0
455,Deck McGuire,18,2TM,AL,-0.3,0,2,0,6.16,21,4,9,0,0,0,38,38,28,26,9,26,0,33,5,0,2,177,69,6.95,1.684,9,2.1,6.2,7.8,1.27,0
456,Collin McHugh,18,HOU,AL,2,6,2,0.75,1.99,58,0,18,0,0,0,72.1,45,18,16,6,21,0,94,5,0,0,283,209,2.72,0.912,5.6,0.7,2.6,11.7,4.48,0
457,Alex McRae,18,PIT,NL,-0.1,0,1,0,5.68,2,0,0,0,0,0,6.1,8,4,4,0,5,0,5,1,0,2,32,73,4.42,2.053,11.4,0,7.1,7.1,1,0
458,John Means*,18,BAL,AL,-0.2,0,0,,13.5,1,0,0,0,0,0,3.1,6,5,5,1,0,0,4,0,0,0,16,35,4.66,1.8,16.2,2.7,0,10.8,,0
459,Kris Medlen,18,ARI,NL,-0.3,0,1,0,15.75,1,1,0,0,0,0,4,9,7,7,0,4,0,4,0,0,2,25,29,4.16,3.25,20.3,0,9,9,1,0
460,Ryan Meisinger,18,BAL,AL,-0.1,2,1,0.667,6.43,18,1,2,0,0,0,21,18,15,15,6,10,0,21,0,0,4,87,68,6.3,1.333,7.7,2.6,4.3,9,2.1,0
461,Adalberto Mejía*,18,MIN,AL,1,2,0,1,2.01,5,4,1,0,0,0,22.1,17,5,5,1,9,0,13,2,0,2,92,215,4.06,1.164,6.9,0.4,3.6,5.2,1.44,0
462,Mark Melancon,18,SFG,NL,0.2,1,4,0.2,3.23,41,0,8,0,0,3,39,48,18,14,2,14,2,31,1,0,4,174,118,3.39,1.59,11.1,0.5,3.2,7.2,2.21,0
463,Keury Mella,18,CIN,NL,-0.3,0,0,,8.68,4,0,1,0,0,0,9.1,13,9,9,4,8,0,8,1,0,1,48,50,9.91,2.25,12.5,3.9,7.7,7.7,1,0
464,Yohander Méndez*,18,TEX,AL,0.1,2,2,0.5,5.53,8,5,1,0,0,0,27.2,28,18,17,4,15,0,18,0,0,0,121,87,5.36,1.554,9.1,1.3,4.9,5.9,1.2,0
465,Daniel Mengden,18,OAK,AL,1.1,7,6,0.538,4.05,22,17,0,1,1,0,115.2,103,58,52,18,26,0,72,3,0,6,476,103,4.69,1.115,8,1.4,2,5.6,2.77,0
466,Ben Meyer,18,MIA,NL,-0.8,0,0,,10.42,13,0,7,0,0,0,19,26,23,22,2,14,2,9,4,0,1,97,38,6.42,2.105,12.3,0.9,6.6,4.3,0.64,0
467,Keynan Middleton,18,LAA,AL,0.8,0,0,,2.04,16,0,9,0,0,6,17.2,14,4,4,1,9,1,16,1,0,1,71,210,3.78,1.302,7.1,0.5,4.6,8.2,1.78,0
469,Wade Miley*,18,MIL,NL,1.4,5,2,0.714,2.57,16,16,0,0,0,0,80.2,71,28,23,3,27,1,50,5,0,1,338,159,3.59,1.215,7.9,0.3,3,5.6,1.85,0
470,Andrew Miller*,18,CLE,AL,0.2,2,4,0.333,4.24,37,0,5,0,0,2,34,31,16,16,3,16,1,45,5,0,1,154,103,3.51,1.382,8.2,0.8,4.2,11.9,2.81,0
471,Justin Miller,18,WSN,NL,0.7,7,1,0.875,3.61,51,0,10,0,0,2,52.1,42,22,21,10,17,1,60,2,0,1,215,118,4.44,1.127,7.2,1.7,2.9,10.3,3.53,0
472,Shelby Miller,18,ARI,NL,-1.1,0,4,0,10.69,5,4,0,0,0,0,16,24,21,19,5,8,0,19,0,0,1,79,40,6.35,2,13.5,2.8,4.5,10.7,2.38,0
473,Alec Mills,18,CHC,NL,0.2,0,1,0,4,7,2,1,0,0,0,18,11,8,8,1,7,0,23,0,0,1,71,106,2.49,1,5.5,0.5,3.5,11.5,3.29,0
474,Hoby Milner*,18,2TM,2LG,-0.4,0,0,,7.36,14,0,3,0,0,0,7.1,9,8,6,3,5,1,8,1,1,0,38,61,8.75,1.909,11,3.7,6.1,9.8,1.6,0
475,Tommy Milone*,18,WSN,NL,-0.1,1,1,0.5,5.81,5,4,1,0,0,0,26.1,37,17,17,7,1,0,23,1,0,0,118,74,5.1,1.443,12.6,2.4,0.3,7.9,23,0
476,Juan Minaya,18,CHW,AL,0.9,2,2,0.5,3.28,52,0,9,0,0,1,46.2,39,19,17,3,29,3,58,3,0,9,209,130,3.57,1.457,7.5,0.6,5.6,11.2,2,0
477,Mike Minor*,18,TEX,AL,3.8,12,8,0.6,4.18,28,28,0,0,0,0,157,138,76,73,25,38,1,132,8,1,3,640,113,4.43,1.121,7.9,1.4,2.2,7.6,3.47,0
478,A.J. Minter*,18,ATL,NL,0.8,4,3,0.571,3.23,65,0,31,0,0,15,61.1,57,23,22,3,22,1,69,2,0,5,260,127,2.72,1.288,8.4,0.4,3.2,10.1,3.14,0
479,Aríel Miranda*,18,SEA,AL,0.2,0,0,,1.8,1,1,0,0,0,0,5,6,1,1,0,4,0,5,0,0,0,24,242,3.56,2,10.8,0,7.2,9,1.25,0
480,Bryan Mitchell,18,SDP,NL,-0.4,2,4,0.333,5.42,16,11,2,0,0,0,73,85,45,44,12,43,1,38,2,0,1,337,71,6.11,1.753,10.5,1.5,5.3,4.7,0.88,0
481,Frankie Montas,18,OAK,AL,0.4,5,4,0.556,3.88,13,11,1,0,0,0,65,74,34,28,5,21,0,43,2,0,5,283,107,3.9,1.462,10.2,0.7,2.9,6,2.05,0
482,Jordan Montgomery*,18,NYY,AL,0.5,2,0,1,3.62,6,6,0,0,0,0,27.1,25,11,11,3,12,0,23,0,0,0,116,117,4.22,1.354,8.2,1,4,7.6,1.92,0
483,Mike Montgomery*,18,CHC,NL,0.9,5,6,0.455,3.99,38,19,6,0,0,0,124,131,58,55,10,39,4,86,7,0,4,534,104,3.93,1.371,9.5,0.7,2.8,6.2,2.21,0
484,Matt Moore*,18,TEX,AL,-1,3,8,0.273,6.79,39,12,10,0,0,0,102,128,82,77,19,41,1,86,5,0,6,471,70,5.25,1.657,11.3,1.7,3.6,7.6,2.1,0
485,Kendrys Morales,18,TOR,AL,0,0,0,,0,1,0,1,0,0,0,1,0,0,0,0,1,0,0,0,0,0,4,,6.16,1,0,0,9,0,0,0
486,Osmer Morales,18,LAA,AL,0.1,0,0,,0,1,0,1,0,0,0,0.1,1,0,0,0,0,0,0,0,0,1,2,,3.16,3,27,0,0,0,,0
487,Adam Morgan*,18,PHI,NL,0.5,0,2,0,3.83,67,0,9,0,0,1,49.1,49,25,21,5,22,3,50,0,1,3,214,108,3.79,1.439,8.9,0.9,4,9.1,2.27,0
488,Mike Morin,18,SEA,AL,0,0,0,,6.75,3,0,1,0,0,0,4,6,3,3,0,1,1,6,0,0,0,18,66,0.91,1.75,13.5,0,2.3,13.5,6,0
489,Reyes Moronta,18,SFG,NL,1.7,5,2,0.714,2.49,69,0,9,0,0,1,65,34,20,18,4,37,4,79,0,0,5,262,153,3.24,1.092,4.7,0.6,5.1,10.9,2.14,0
490,Akeel Morris,18,LAA,AL,0,0,0,,5.79,9,0,7,0,0,0,14,18,9,9,3,8,0,7,0,0,1,65,74,6.66,1.857,11.6,1.9,5.1,4.5,0.88,0
491,Brandon Morrow,18,CHC,NL,1.3,0,0,,1.47,35,0,30,0,0,22,30.2,24,5,5,2,9,0,31,1,0,1,122,286,2.96,1.076,7,0.6,2.6,9.1,3.44,0
492,Charlie Morton,18,HOU,AL,3.4,15,3,0.833,3.13,30,30,0,0,0,0,167,130,63,58,18,64,0,201,16,0,4,695,133,3.59,1.162,7,1,3.4,10.8,3.14,0
493,Taylor Motter,18,SEA,AL,0,0,0,,9,1,0,1,0,0,0,1,1,1,1,1,1,0,1,1,0,0,6,62,20.16,2,9,9,9,9,1,0
494,Gabriel Moya*,18,MIN,AL,0.1,3,1,0.75,4.71,35,6,5,0,0,0,36.1,35,19,19,6,13,0,31,1,0,1,159,92,4.76,1.321,8.7,1.5,3.2,7.7,2.38,0
495,Peter Moylan,18,ATL,NL,0,0,1,0,4.45,39,0,6,0,0,0,28.1,32,14,14,4,18,3,23,2,0,3,129,93,5.49,1.765,10.2,1.3,5.7,7.3,1.28,0
496,Harrison Musgrave*,18,COL,NL,0.4,2,3,0.4,4.63,35,0,8,0,0,0,44.2,36,23,23,7,22,2,32,1,1,2,185,102,5.31,1.299,7.3,1.4,4.4,6.4,1.45,0
497,Joe Musgrove,18,PIT,NL,1.2,6,9,0.4,4.06,19,19,0,0,0,0,115.1,113,56,52,12,23,3,100,8,0,5,486,97,3.58,1.179,8.8,0.9,1.8,7.8,4.35,0
498,Zach Neal,18,LAD,NL,0,0,0,,9,1,0,1,0,0,0,1,2,1,1,1,0,0,0,0,0,0,5,60,16.16,2,18,9,0,0,,0
499,Héctor Neris,18,PHI,NL,0.1,1,3,0.25,5.1,53,0,28,0,0,11,47.2,46,27,27,11,16,1,76,1,0,5,203,81,4.04,1.301,8.7,2.1,3,14.3,4.75,0
500,Pat Neshek,18,PHI,NL,0.7,3,2,0.6,2.59,30,0,8,0,0,5,24.1,23,9,7,2,5,1,15,0,0,1,101,161,3.61,1.151,8.5,0.7,1.8,5.5,3,0
501,Dovydas Neverauskas,18,PIT,NL,-0.9,0,0,,8,25,0,8,0,0,0,27,30,25,24,9,10,0,27,1,0,2,119,50,6.72,1.481,10,3,3.3,9,2.7,0
502,Jake Newberry,18,KCR,AL,-0.1,2,0,1,4.73,14,0,3,0,0,0,13.1,13,8,7,3,9,0,11,0,0,1,60,94,6.46,1.65,8.8,2,6.1,7.4,1.22,0
503,Sean Newcomb*,18,ATL,NL,1.9,12,9,0.571,3.9,31,30,0,0,0,0,164,137,74,71,18,81,1,160,1,0,4,696,105,4.14,1.329,7.5,1,4.4,8.8,1.98,0
504,Juan Nicasio,18,SEA,AL,-1.1,1,6,0.143,6,46,0,6,0,0,1,42,53,30,28,6,5,0,53,2,0,0,183,68,2.99,1.381,11.4,1.3,1.1,11.4,10.6,0
505,Jacob Nix,18,SDP,NL,-0.9,2,5,0.286,7.02,9,9,0,0,0,0,42.1,52,33,33,8,13,0,21,4,0,4,190,55,5.83,1.535,11.1,1.7,2.8,4.5,1.62,0
507,Bud Norris,18,STL,NL,0.3,3,6,0.333,3.59,64,0,42,0,0,28,57.2,51,27,23,8,21,3,67,5,0,9,245,109,3.99,1.249,8,1.2,3.3,10.5,3.19,0
508,Daniel Norris*,18,DET,AL,0.1,0,5,0,5.68,11,8,0,0,0,0,44.1,46,28,28,8,19,0,51,2,1,2,200,79,4.63,1.466,9.3,1.6,3.9,10.4,2.68,0
509,James Norwood,18,CHC,NL,-0.1,0,1,0,4.09,11,0,5,0,0,0,11,14,7,5,0,5,0,10,0,0,1,54,105,2.71,1.727,11.5,0,4.1,8.2,2,0
510,Iván Nova,18,PIT,NL,1,9,9,0.5,4.19,29,29,0,0,0,0,161,171,82,75,26,35,4,114,4,1,9,683,93,4.57,1.28,9.6,1.5,2,6.4,3.26,0
511,Vidal Nuño III*,18,TBR,AL,1,3,0,1,1.64,17,0,8,0,0,0,33,24,7,6,5,10,3,29,2,1,0,134,253,4.46,1.03,6.5,1.4,2.7,7.9,2.9,0
512,Darren O'Day,18,BAL,AL,0.3,0,2,0,3.6,20,0,10,0,0,2,20,18,9,8,3,4,1,27,3,1,0,83,121,3.46,1.1,8.1,1.4,1.8,12.2,6.75,0
513,Chris O'Grady*,18,MIA,NL,-0.1,0,1,0,6.43,8,0,1,0,0,0,7,7,5,5,2,4,0,8,0,0,0,32,63,6.3,1.571,9,2.6,5.1,10.3,2,0
514,Trevor Oaks,18,KCR,AL,-0.2,0,2,0,7.24,4,2,1,0,0,0,13.2,21,11,11,1,6,0,10,0,0,0,65,61,3.96,1.976,13.8,0.7,4,6.6,1.67,0
515,Scott Oberg,18,COL,NL,2.2,8,1,0.889,2.45,56,0,7,0,0,0,58.2,45,17,16,4,12,0,57,3,0,3,228,193,2.87,0.972,6.9,0.6,1.8,8.7,4.75,0
516,Jake Odorizzi,18,MIN,AL,1.3,7,10,0.412,4.49,32,32,0,0,0,0,164.1,151,89,82,20,70,3,162,8,0,1,711,95,4.19,1.345,8.3,1.1,3.8,8.9,2.31,0
517,Alexi Ogando,18,CLE,AL,-0.2,0,1,0,18,1,0,0,0,0,0,1,2,2,2,0,3,0,1,0,0,0,8,32,10.16,5,18,0,27,9,0.33,0
518,Seunghwan Oh,18,2TM,2LG,2.3,6,3,0.667,2.63,73,0,10,0,0,3,68.1,52,21,20,8,17,1,79,4,0,3,274,168,3.29,1.01,6.8,1.1,2.2,10.4,4.65,0
519,Shohei Ohtani,18,LAA,AL,1.3,4,2,0.667,3.31,10,10,0,0,0,0,51.2,38,19,19,6,22,0,63,1,0,5,211,127,3.57,1.161,6.6,1,3.8,11,2.86,0
520,Steven Okert*,18,SFG,NL,0.3,0,0,,1.23,10,0,4,0,0,0,7.1,4,1,1,1,0,0,8,0,0,0,27,326,2.75,0.545,4.9,1.2,0,9.8,,0
521,Tyler Olson*,18,CLE,AL,0,2,1,0.667,4.94,43,0,5,0,0,0,27.1,26,16,15,4,12,2,40,0,0,1,118,88,3.45,1.39,8.6,1.3,4,13.2,3.33,0
522,Luis Ortiz,18,BAL,AL,-0.3,0,1,0,15.43,2,1,0,0,0,0,2.1,7,6,4,0,3,0,0,0,0,1,18,32,7.02,4.286,27,0,11.6,0,0,0
523,Josh Osich*,18,SFG,NL,-0.4,0,0,,8.25,12,0,2,0,0,0,12,20,11,11,2,7,0,10,2,0,3,61,47,5.91,2.25,15,1.5,5.3,7.5,1.43,0
524,Roberto Osuna,18,2TM,AL,1.3,2,2,0.5,2.37,38,0,31,0,0,21,38,33,10,10,1,4,0,32,4,0,3,150,180,2.45,0.974,7.8,0.2,0.9,7.6,8,0
525,Corey Oswalt,18,NYM,NL,-0.6,3,3,0.5,5.85,17,12,2,0,0,0,64.2,69,43,42,14,20,1,45,4,0,4,282,64,5.7,1.376,9.6,1.9,2.8,6.3,2.25,0
526,Dan Otero,18,CLE,AL,-0.3,2,1,0.667,5.22,61,0,19,0,0,1,58.2,69,36,34,12,5,3,43,3,1,0,247,83,4.76,1.261,10.6,1.8,0.8,6.6,8.6,0
527,Adam Ottavino,18,COL,NL,2.5,6,4,0.6,2.43,75,0,16,0,0,6,77.2,41,25,21,5,36,5,112,6,0,7,309,195,2.74,0.991,4.8,0.6,4.2,13,3.11,0
528,Emilio Pagán,18,OAK,AL,0.4,3,1,0.75,4.35,55,0,17,0,0,0,62,55,30,30,13,19,1,63,3,0,3,262,96,4.92,1.194,8,1.9,2.8,9.1,3.32,0
529,Thomas Pannone*,18,TOR,AL,0.7,4,1,0.8,4.19,12,6,2,0,0,0,43,37,20,20,7,15,0,29,2,0,0,181,102,5.11,1.209,7.7,1.5,3.1,6.1,1.93,0
530,Eduardo Paredes,18,LAA,AL,-0.3,0,0,,6.87,14,0,7,0,0,0,18.1,25,14,14,5,7,0,15,1,0,0,86,62,6.38,1.745,12.3,2.5,3.4,7.4,2.14,0
531,Edward Paredes*,18,LAD,NL,-0.2,2,0,1,5.87,15,0,1,0,0,0,7.2,7,5,5,2,2,0,8,1,0,0,33,69,5.64,1.174,8.2,2.3,2.3,9.4,4,0
532,Blake Parker,18,LAA,AL,1.3,2,1,0.667,3.26,67,0,41,0,0,14,66.1,63,24,24,12,19,1,70,3,0,8,276,129,4.4,1.236,8.5,1.6,2.6,9.5,3.68,0
533,Wes Parsons,18,ATL,NL,-0.1,0,1,0,7.2,1,0,0,0,0,0,5,6,4,4,1,3,1,3,0,0,0,23,61,6.36,1.8,10.8,1.8,5.4,5.4,1,0
534,David Paulino,18,TOR,AL,0.2,1,0,1,1.35,7,0,4,0,0,0,6.2,6,2,1,1,2,0,6,0,0,0,28,330,4.21,1.2,8.1,1.4,2.7,8.1,3,0
535,James Paxton*,18,SEA,AL,3,11,6,0.647,3.76,28,28,0,2,1,0,160.1,134,67,67,23,42,0,208,1,0,8,645,108,3.23,1.098,7.5,1.3,2.4,11.7,4.95,0
536,James Pazos*,18,SEA,AL,0.8,4,1,0.8,2.88,60,0,4,0,0,0,50,47,19,16,4,15,1,45,5,0,2,211,142,3.6,1.24,8.5,0.7,2.7,8.1,3,0
537,Brad Peacock,18,HOU,AL,0.7,3,5,0.375,3.46,61,1,20,0,0,3,65,56,26,25,11,20,0,96,3,0,5,272,120,3.47,1.169,7.8,1.5,2.8,13.3,4.8,0
538,CD Pelham*,18,TEX,AL,-0.1,0,0,,7.04,10,0,2,0,0,0,7.2,12,6,6,0,4,1,7,0,0,0,38,70,2.9,2.087,14.1,0,4.7,8.2,1.75,0
539,Félix Peña,18,LAA,AL,1.1,3,5,0.375,4.18,19,17,1,0,0,0,92.2,87,45,43,12,28,0,85,4,0,7,389,101,4.04,1.241,8.4,1.2,2.7,8.3,3.04,0
540,Cliff Pennington,18,CIN,NL,0,0,0,,9,1,0,1,0,0,0,1,1,1,1,0,2,0,1,0,0,0,6,63,7.16,3,9,0,18,9,0.5,0
541,Freddy Peralta,18,MIL,NL,0.5,6,4,0.6,4.25,16,14,1,0,0,0,78.1,49,37,37,8,40,1,96,4,1,3,321,96,3.72,1.136,5.6,0.9,4.6,11,2.4,0
542,Wandy Peralta*,18,CIN,NL,-0.6,2,2,0.5,5.36,59,0,6,0,0,0,45.1,58,32,27,2,31,2,31,2,0,0,227,78,4.55,1.963,11.5,0.4,6.2,6.2,1,0
543,Wily Peralta,18,KCR,AL,0.6,1,0,1,3.67,37,0,30,0,0,14,34.1,28,14,14,4,23,1,35,1,0,4,149,119,4.73,1.485,7.3,1,6,9.2,1.52,0
544,Luis Perdomo,18,SDP,NL,-1,1,6,0.143,7.05,12,10,2,0,0,0,44.2,62,37,35,4,22,2,39,3,0,4,217,55,4.26,1.881,12.5,0.8,4.4,7.9,1.77,0
545,Cionel Pérez*,18,HOU,AL,0.1,0,0,,3.97,8,0,3,0,0,0,11.1,6,5,5,3,7,0,12,0,0,0,45,108,6.34,1.147,4.8,2.4,5.6,9.5,1.71,0
546,Hernán Pérez,18,MIL,NL,-0.2,0,0,,13.5,3,0,1,0,0,0,3.1,7,5,5,1,1,0,2,1,0,0,19,34,7.66,2.4,18.9,2.7,2.7,5.4,2,0
547,Martín Pérez*,18,TEX,AL,-0.8,2,7,0.222,6.22,22,15,3,0,0,0,85.1,116,68,59,16,36,1,52,2,1,3,397,76,5.71,1.781,12.2,1.7,3.8,5.5,1.44,0
548,Óliver Pérez*,18,CLE,AL,1.3,1,1,0.5,1.39,51,0,1,0,0,0,32.1,17,6,5,1,7,3,43,2,0,1,120,313,1.74,0.742,4.7,0.3,1.9,12,6.14,0
549,Dillon Peters*,18,MIA,NL,-0.5,2,2,0.5,7.16,7,5,2,0,0,0,27.2,34,22,22,4,15,0,17,1,0,3,129,54,5.55,1.771,11.1,1.3,4.9,5.5,1.13,0
550,Jace Peterson,18,BAL,AL,-0.1,0,0,,36,1,0,1,0,0,0,1,6,4,4,1,0,0,1,0,0,0,8,16,14.16,6,54,9,0,9,,0
551,Tim Peterson,18,NYM,NL,-0.4,2,2,0.5,6.18,22,0,9,0,0,0,27.2,29,19,19,8,5,2,25,1,0,0,118,61,5.76,1.229,9.4,2.6,1.6,8.1,5,0
552,Yusmeiro Petit,18,OAK,AL,1.8,7,3,0.7,3,74,0,12,0,0,0,93,76,32,31,13,18,4,76,0,0,1,368,139,3.92,1.011,7.4,1.3,1.7,7.4,4.22,0
553,Jake Petricka,18,TOR,AL,-0.1,3,1,0.75,4.53,41,0,5,0,0,0,45.2,59,28,23,6,16,0,41,5,0,5,208,94,4.45,1.642,11.6,1.2,3.2,8.1,2.56,0
554,Evan Phillips,18,2TM,2LG,-0.8,0,1,0,13.11,9,1,4,0,0,0,11.2,13,19,17,5,10,0,8,1,0,1,59,34,10.19,1.971,10,3.9,7.7,6.2,0.8,0
555,Nick Pivetta,18,PHI,NL,1.8,7,14,0.333,4.77,33,32,1,0,0,0,164,163,91,87,24,51,0,188,5,0,8,694,86,3.79,1.305,8.9,1.3,2.8,10.3,3.69,0
556,Adam Plutko,18,CLE,AL,0.2,4,5,0.444,5.28,17,12,4,0,0,1,76.2,78,45,45,21,23,1,60,1,1,3,326,82,6.09,1.317,9.2,2.5,2.7,7,2.61,0
557,Drew Pomeranz*,18,BOS,AL,-0.7,2,6,0.25,6.08,26,11,5,0,0,0,74,87,53,50,12,44,1,66,4,1,4,344,73,5.43,1.77,10.6,1.5,5.4,8,1.5,0
558,Daniel Ponce de Leon,18,STL,NL,0.8,0,2,0,2.73,11,4,2,0,0,1,33,24,10,10,2,13,0,31,1,0,0,132,144,3.34,1.121,6.5,0.5,3.5,8.5,2.38,0
559,Rick Porcello,18,BOS,AL,2.5,17,7,0.708,4.28,33,33,0,1,0,0,191.1,177,97,91,27,48,0,190,16,1,3,808,103,4.01,1.176,8.3,1.3,2.3,8.9,3.96,0
560,Brooks Pounders,18,COL,NL,-0.2,0,1,0,7.63,14,0,11,0,0,0,15.1,25,13,13,3,2,0,17,2,0,1,72,63,4.27,1.761,14.7,1.8,1.2,10,8.5,0
561,Bobby Poyner*,18,BOS,AL,0.5,1,0,1,3.22,20,0,4,0,0,0,22.1,22,8,8,4,3,0,24,2,0,0,93,139,4.01,1.119,8.9,1.6,1.2,9.7,8,0
562,Ryan Pressly,18,2TM,AL,2.1,2,1,0.667,2.54,77,0,11,0,0,2,71,57,21,20,6,22,1,101,3,0,8,292,168,2.47,1.113,7.2,0.8,2.8,12.8,4.59,0
563,David Price*,18,BOS,AL,3.7,16,7,0.696,3.58,30,30,0,1,0,0,176,151,75,70,25,50,0,177,10,0,1,722,123,4.02,1.142,7.7,1.3,2.6,9.1,3.54,0
564,Austin Pruitt,18,TBR,AL,-0.3,2,3,0.4,4.65,23,0,11,0,0,4,69.2,72,40,36,7,16,0,42,1,0,1,291,89,3.99,1.263,9.3,0.9,2.1,5.4,2.63,0
565,Kevin Quackenbush,18,CIN,NL,-0.5,0,1,0,11,10,0,1,0,0,0,9,13,11,11,3,6,1,7,0,0,0,45,39,7.94,2.111,13,3,6,7,1.17,0
566,Roman Quinn,18,PHI,NL,-0.2,0,0,,37.8,1,0,0,0,0,0,1.2,6,7,7,1,2,0,0,1,0,1,14,13,16.36,4.8,32.4,5.4,10.8,0,0,0
567,Jose Quintana*,18,CHC,NL,1.5,13,11,0.542,4.03,32,32,0,0,0,0,174.1,162,81,78,25,68,3,158,3,0,3,739,103,4.43,1.319,8.4,1.3,3.5,8.2,2.32,0
568,Tanner Rainey,18,CIN,NL,-1,0,0,,24.43,8,0,2,0,0,0,7,13,19,19,4,12,1,7,0,0,0,45,18,13.73,3.571,16.7,5.1,15.4,9,0.58,0
569,Carlos Ramírez,18,2TM,AL,0.1,0,0,,3.24,5,0,3,0,0,0,8.1,3,3,3,0,9,0,5,1,0,2,37,140,5.56,1.44,3.2,0,9.7,5.4,0.56,0
570,Erasmo Ramírez,18,SEA,AL,-0.6,2,4,0.333,6.5,10,10,0,0,0,0,45.2,52,35,33,14,12,0,33,3,0,0,202,63,6.69,1.401,10.2,2.8,2.4,6.5,2.75,0
571,JC Ramírez,18,LAA,AL,-0.3,0,2,0,9.45,2,2,0,0,0,0,6.2,7,8,7,3,7,0,4,0,0,0,33,47,10.96,2.1,9.5,4.1,9.5,5.4,0.57,0
572,José Ramírez,18,ATL,NL,-0.8,0,2,0,17.05,7,0,1,0,0,0,6.1,9,12,12,0,8,2,7,2,0,0,38,25,5.69,2.684,12.8,0,11.4,9.9,0.88,0
573,Neil Ramírez,18,CLE,AL,0.2,0,3,0,4.54,47,0,9,0,0,0,41.2,36,21,21,9,18,1,51,3,0,0,180,96,5.03,1.296,7.8,1.9,3.9,11,2.83,0
574,Noé Ramirez,18,LAA,AL,0.3,7,5,0.583,4.54,69,1,12,0,0,1,83.1,75,43,42,15,30,3,95,6,0,4,353,93,4.52,1.26,8.1,1.6,3.2,10.3,3.17,0
575,Yefry Ramírez,18,BAL,AL,0.1,1,8,0.111,5.92,17,12,2,0,0,0,65.1,64,44,43,11,36,1,62,4,0,5,294,72,5.29,1.531,8.8,1.5,5,8.5,1.72,0
576,AJ Ramos,18,NYM,NL,-0.5,2,2,0.5,6.41,28,0,5,0,0,0,19.2,17,14,14,3,15,0,22,0,0,1,88,59,5.19,1.627,7.8,1.4,6.9,10.1,1.47,0
577,Edubray Ramos,18,PHI,NL,1.2,3,1,0.75,2.32,52,0,10,0,0,1,42.2,34,14,11,4,15,2,42,1,0,4,174,179,3.54,1.148,7.2,0.8,3.2,8.9,2.8,0
578,Josh Ravin,18,ATL,NL,-0.1,0,1,0,6,2,0,2,0,0,0,3,2,2,2,0,2,0,1,1,0,0,14,76,5.49,1.333,6,0,6,3,0.5,0
579,Robbie Ray*,18,ARI,NL,1.3,6,2,0.75,3.93,24,24,0,0,0,0,123.2,97,55,54,19,70,3,165,5,0,5,526,107,4.31,1.35,7.1,1.4,5.1,12,2.36,0
580,Addison Reed,18,MIN,AL,0,1,6,0.143,4.5,55,0,14,0,0,0,56,65,30,28,11,15,3,44,3,0,2,242,95,5.11,1.429,10.4,1.8,2.4,7.1,2.93,0
581,Cody Reed*,18,CIN,NL,0.5,1,3,0.25,3.98,17,7,2,0,0,0,43,45,21,19,5,15,0,42,2,0,2,188,105,3.9,1.395,9.4,1,3.1,8.8,2.8,0
582,Sean Reid-Foley,18,TOR,AL,-0.1,2,4,0.333,5.13,7,7,0,0,0,0,33.1,31,23,19,6,21,0,42,1,0,3,150,83,4.96,1.56,8.4,1.6,5.7,11.3,2,0
583,Zac Reininger,18,DET,AL,-0.3,1,0,1,7.59,18,0,6,0,0,0,21.1,28,18,18,5,9,2,18,0,0,2,100,60,5.79,1.734,11.8,2.1,3.8,7.6,2,0
584,Alex Reyes,18,STL,NL,0.3,0,0,,0,1,1,0,0,0,0,4,3,0,0,0,2,0,2,1,0,0,15,,4.41,1.25,6.8,0,4.5,4.5,1,0
585,Jesús Reyes,18,CIN,NL,0,0,0,,3.18,5,0,1,0,0,0,5.2,4,4,2,1,2,0,2,1,0,1,24,139,6.34,1.059,6.4,1.6,3.2,3.2,1,0
586,José Reyes,18,NYM,NL,-0.2,0,0,,54,1,0,1,0,0,0,1,5,6,6,2,2,0,0,1,0,0,11,10,38.16,7,45,18,18,0,0,0
587,Mark Reynolds,18,WSN,NL,0,0,0,,0,1,0,1,0,0,0,0.1,0,0,0,0,0,0,0,0,0,0,1,,3.16,0,0,0,0,0,,0
588,Jacob Rhame,18,NYM,NL,-0.3,1,2,0.333,5.85,30,0,15,0,0,1,32.1,38,21,21,8,8,2,28,1,0,0,140,64,5.48,1.423,10.6,2.2,2.2,7.8,3.5,0
589,Clayton Richard*,18,SDP,NL,-0.9,7,11,0.389,5.33,27,27,0,0,0,0,158.2,159,98,94,19,60,1,108,10,1,7,682,72,4.68,1.38,9,1.1,3.4,6.1,1.8,0
590,Garrett Richards,18,LAA,AL,0.3,5,4,0.556,3.66,16,16,0,0,0,0,76.1,64,43,31,11,34,0,87,1,0,15,324,115,4.13,1.284,7.5,1.3,4,10.3,2.56,0
591,Trevor Richards,18,MIA,NL,0.8,4,9,0.308,4.42,25,25,0,0,0,0,126.1,121,65,62,15,54,5,130,5,1,8,547,87,4.05,1.385,8.6,1.1,3.8,9.3,2.41,0
592,Yacksel Ríos,18,PHI,NL,-0.5,3,2,0.6,6.75,36,0,10,0,0,0,36,43,28,27,6,15,2,36,2,1,2,165,62,4.74,1.611,10.8,1.5,3.8,9,2.4,0
593,Anthony Rizzo*,18,CHC,NL,0,0,0,,0,1,0,1,0,0,0,0.1,0,0,0,0,0,0,0,0,0,0,1,,3.16,0,0,0,0,0,,0
594,Tanner Roark,18,WSN,NL,2.2,9,15,0.375,4.34,31,30,1,0,0,0,180.1,181,90,87,24,50,3,146,10,0,5,760,98,4.27,1.281,9,1.2,2.5,7.3,2.92,0
595,Daniel Robertson,18,TBR,AL,0,0,0,,0,1,0,1,0,0,0,1,0,0,0,0,0,0,0,0,0,0,3,,3.16,0,0,0,0,0,,0
596,David Robertson,18,NYY,AL,0.7,8,3,0.727,3.23,69,0,11,0,0,5,69.2,46,30,25,7,26,1,91,0,0,1,283,130,2.97,1.033,5.9,0.9,3.4,11.8,3.5,0
597,Hansel Robles,18,2TM,2LG,0.4,2,3,0.4,3.7,53,0,14,0,0,2,56,53,26,23,9,25,1,59,2,0,2,242,110,4.59,1.393,8.5,1.4,4,9.5,2.36,0
598,Fernando Rodney,18,2TM,AL,0.9,4,3,0.571,3.36,68,0,40,0,0,25,64.1,62,27,24,7,32,1,70,3,0,6,285,127,4.03,1.461,8.7,1,4.5,9.8,2.19,0
599,Carlos Rodón*,18,CHW,AL,2,6,8,0.429,4.18,20,20,0,0,0,0,120.2,97,61,56,15,55,1,90,12,0,4,511,102,4.95,1.26,7.2,1.1,4.1,6.7,1.64,0
600,Dereck Rodríguez,18,SFG,NL,2.7,6,4,0.6,2.81,21,19,1,0,0,0,118.1,98,43,37,9,36,2,89,7,0,1,487,135,3.73,1.132,7.5,0.7,2.7,6.8,2.47,0
601,Eduardo Rodríguez*,18,BOS,AL,2.6,13,5,0.722,3.82,27,23,0,0,0,0,129.2,119,56,55,16,45,1,146,4,0,1,553,116,3.65,1.265,8.3,1.1,3.1,10.1,3.24,0
602,Jefry Rodríguez,18,WSN,NL,-0.4,3,3,0.5,5.71,14,8,2,0,0,0,52,43,35,33,8,37,5,39,3,0,2,233,75,5.97,1.538,7.4,1.4,6.4,6.8,1.05,0
603,Ricardo Rodríguez,18,TEX,AL,0.1,0,0,,4.05,4,0,0,0,0,0,6.2,11,3,3,0,1,1,3,0,0,0,31,123,2.71,1.8,14.9,0,1.4,4.1,3,0
604,Richard Rodríguez,18,PIT,NL,1.7,4,3,0.571,2.47,63,0,20,0,0,0,69.1,55,19,19,5,19,3,88,5,0,11,279,159,2.6,1.067,7.1,0.6,2.5,11.4,4.63,0
605,Chaz Roe,18,TBR,AL,0.6,1,3,0.25,3.58,61,0,6,0,0,1,50.1,35,21,20,6,16,1,53,8,0,1,203,115,4.03,1.013,6.3,1.1,2.9,9.5,3.31,0
606,Josh Rogers*,18,BAL,AL,-0.3,1,2,0.333,8.49,3,3,0,0,0,0,11.2,17,11,11,2,5,0,6,0,0,0,56,52,5.65,1.886,13.1,1.5,3.9,4.6,1.2,0
607,Taylor Rogers*,18,MIN,AL,2,1,2,0.333,2.63,72,0,6,0,0,2,68.1,49,20,20,3,16,3,75,2,0,0,260,163,2.33,0.951,6.5,0.4,2.1,9.9,4.69,0
608,Sal Romano,18,CIN,NL,-0.2,8,11,0.421,5.31,39,25,1,0,0,0,145.2,155,92,86,23,53,6,105,4,0,7,644,78,4.94,1.428,9.6,1.4,3.3,6.5,1.98,0
609,Enny Romero*,18,3TM,2LG,-0.8,0,0,,12.6,8,0,2,0,0,0,10,23,17,14,4,6,3,10,1,0,2,61,36,8.46,2.9,20.7,3.6,5.4,9,1.67,0
610,Fernando Romero,18,MIN,AL,0.3,3,3,0.5,4.69,11,11,0,0,0,0,55.2,60,31,29,6,19,1,45,7,0,7,247,92,4.35,1.419,9.7,1,3.1,7.3,2.37,0
611,Andrew Romine,18,SEA,AL,-0.1,0,0,,15,3,0,3,0,0,0,3,5,5,5,1,2,0,0,1,0,1,17,30,10.49,2.333,15,3,6,0,0,0
612,Sergio Romo,18,TBR,AL,0.2,3,4,0.429,4.14,73,5,39,0,0,25,67.1,65,31,31,11,20,0,75,2,0,2,284,99,4.04,1.262,8.7,1.5,2.7,10,3.75,0
613,Bruce Rondón,18,CHW,AL,-1.3,2,3,0.4,8.49,35,0,5,0,0,1,29.2,37,30,28,1,27,2,40,1,0,6,154,50,3.73,2.157,11.2,0.3,8.2,12.1,1.48,0
614,Héctor Rondón,18,HOU,AL,0.8,2,5,0.286,3.2,63,0,26,0,0,15,59,58,22,21,4,20,2,67,0,0,1,250,130,2.79,1.322,8.8,0.6,3.1,10.2,3.35,0
615,Randy Rosario*,18,CHC,NL,0,4,0,1,3.66,44,0,8,0,0,1,46.2,47,22,19,5,22,2,30,0,0,1,200,114,4.68,1.479,9.1,1,4.2,5.8,1.36,0
616,Joe Ross,18,WSN,NL,0.1,0,2,0,5.06,3,3,0,0,0,0,16,17,10,9,3,4,0,7,2,0,0,68,85,5.85,1.313,9.6,1.7,2.3,3.9,1.75,0
617,Tyson Ross,18,2TM,NL,1.2,8,9,0.471,4.15,31,23,0,0,0,0,149.2,132,73,69,17,62,4,122,7,0,4,634,93,4.39,1.296,7.9,1,3.7,7.3,1.97,0
618,Zac Rosscup*,18,LAD,NL,0,0,1,0,4.76,17,0,5,0,0,0,11.1,9,6,6,3,4,0,20,0,0,0,47,84,4.13,1.147,7.1,2.4,3.2,15.9,5,0
619,Chris Rowley,18,TOR,AL,-0.4,0,1,0,40.5,2,0,2,0,0,0,0.2,2,4,3,1,1,1,0,0,0,0,6,16,27.16,4.5,27,13.5,13.5,0,0,0
620,Ryan Rua,18,TEX,AL,0,0,0,,0,1,0,1,0,0,0,1,0,0,0,0,0,0,1,0,0,0,3,,1.16,0,0,0,0,9,,0
621,Drew Rucinski,18,MIA,NL,-0.4,4,2,0.667,4.33,32,0,5,0,0,0,35.1,34,21,17,2,13,4,27,4,0,1,154,89,3.81,1.33,8.7,0.5,3.3,6.9,2.08,0
622,José Ruiz,18,CHW,AL,0.1,0,0,,4.15,6,0,2,0,0,0,4.1,5,2,2,1,3,0,6,0,0,2,21,110,5.47,1.846,10.4,2.1,6.2,12.5,2,0
623,Nick Rumbelow,18,SEA,AL,-0.1,0,0,,6.11,13,0,6,0,0,0,17.2,19,12,12,6,6,1,16,1,0,2,77,68,6.95,1.415,9.7,3.1,3.1,8.2,2.67,0
624,Chris Rusin*,18,COL,NL,-0.9,2,3,0.4,6.09,49,0,11,0,0,0,54.2,56,42,37,7,26,1,47,2,2,4,241,78,4.64,1.5,9.2,1.2,4.3,7.7,1.81,0
625,Hyun Jin Ryu*,18,LAD,NL,2.2,7,3,0.7,1.97,15,15,0,0,0,0,82.1,68,23,18,9,15,1,89,1,0,0,324,198,3,1.008,7.4,1,1.6,9.7,5.93,0
626,Marc Rzepczynski*,18,2TM,AL,-0.5,0,1,0,6.97,23,0,1,0,0,0,10.1,16,11,8,2,10,2,11,0,0,1,57,63,6.45,2.516,13.9,1.7,8.7,9.6,1.1,0
627,CC Sabathia*,18,NYY,AL,1.8,9,7,0.563,3.65,29,29,0,0,0,0,153,150,72,62,19,51,0,140,11,0,3,665,115,4.16,1.314,8.8,1.1,3,8.2,2.75,0
628,Casey Sadler,18,PIT,NL,-0.2,0,0,,8.31,2,0,1,0,0,0,4.1,9,7,4,0,3,0,3,0,0,1,25,51,3.85,2.769,18.7,0,6.2,6.2,1,0
629,Connor Sadzeck,18,TEX,AL,0.4,0,0,,0.96,13,2,1,0,0,0,9.1,6,2,1,0,11,1,7,1,0,1,45,509,5.52,1.821,5.8,0,10.6,6.8,0.64,0
630,Fernando Salas,18,ARI,NL,-0.2,4,4,0.5,4.5,41,0,12,0,0,0,40,40,20,20,5,13,4,30,1,0,2,170,94,4.34,1.325,9,1.1,2.9,6.8,2.31,0
632,Jeff Samardzija,18,SFG,NL,-0.6,1,5,0.167,6.25,10,10,0,0,0,0,44.2,47,32,31,6,26,1,30,2,0,2,207,61,5.44,1.634,9.5,1.2,5.2,6,1.15,0
633,Adrian Sampson,18,TEX,AL,0.2,0,3,0,4.3,5,4,0,0,0,0,23,24,13,11,6,4,0,15,2,1,2,96,112,6.03,1.217,9.4,2.3,1.6,5.9,3.75,0
634,Aaron Sanchez,18,TOR,AL,0.7,4,6,0.4,4.89,20,20,0,0,0,0,105,106,62,57,11,58,2,86,7,0,4,474,87,4.74,1.562,9.1,0.9,5,7.4,1.48,0
635,Aníbal Sánchez,18,ATL,NL,3.3,7,6,0.538,2.83,25,24,0,0,0,0,136.2,106,48,43,15,42,0,135,4,0,4,553,144,3.62,1.083,7,1,2.8,8.9,3.21,0
636,Pablo Sandoval,18,SFG,NL,0,0,0,,0,1,0,1,0,0,0,1,0,0,0,0,0,0,0,0,0,0,3,,3.16,0,0,0,0,0,,0
637,Dennis Santana,18,LAD,NL,-0.2,1,0,1,12.27,1,0,0,0,0,0,3.2,6,5,5,0,1,0,4,1,0,1,19,35,2.61,1.909,14.7,0,2.5,9.8,4,0
638,Edgar Santana,18,PIT,NL,1.1,3,4,0.429,3.26,69,0,11,0,0,0,66.1,61,25,24,7,12,2,54,3,0,3,271,121,3.58,1.101,8.3,0.9,1.6,7.3,4.5,0
639,Ervin Santana,18,MIN,AL,-0.6,0,1,0,8.03,5,5,0,0,0,0,24.2,31,22,22,9,9,0,16,2,0,0,114,54,7.94,1.622,11.3,3.3,3.3,5.8,1.78,0
640,Héctor Santiago*,18,CHW,AL,0.6,6,3,0.667,4.41,49,7,27,0,0,2,102,101,54,50,16,60,3,103,5,2,1,460,96,5.09,1.578,8.9,1.4,5.3,9.1,1.72,0
641,Luis Santos,18,TOR,AL,-0.3,1,1,0.5,7.2,15,1,4,0,0,0,20,26,16,16,4,10,1,24,1,0,0,91,60,5.01,1.8,11.7,1.8,4.5,10.8,2.4,0
642,Warwick Saupold,18,DET,AL,0.4,4,1,0.8,4.46,31,0,13,0,0,1,34.1,41,17,17,6,13,1,16,2,0,2,158,102,5.81,1.573,10.7,1.6,3.4,4.2,1.23,0
643,Rob Scahill,18,CHW,AL,-0.1,0,0,,5.4,6,0,3,0,0,0,5,5,4,3,0,3,0,3,2,0,1,25,84,4.96,1.6,9,0,5.4,5.4,1,0
645,Jaime Schultz,18,TBR,AL,-0.3,2,2,0.5,5.64,22,1,7,0,0,0,30.1,18,19,19,6,17,0,35,3,0,1,125,74,5.4,1.154,5.3,1.8,5,10.4,2.06,0
646,Robby Scott*,18,BOS,AL,-0.3,0,1,0,8.1,9,0,4,0,0,0,6.2,10,6,6,2,5,2,8,5,0,0,40,57,9.16,2.25,13.5,2.7,6.8,10.8,1.6,0
647,Tanner Scott*,18,BAL,AL,-0.1,3,3,0.5,5.4,53,0,8,0,0,0,53.1,55,33,32,6,28,1,76,1,0,7,240,80,3.4,1.556,9.3,1,4.7,12.8,2.71,0
648,Troy Scribner,18,ARI,NL,0,0,1,0,4.91,1,1,0,0,0,0,3.2,4,2,2,0,6,0,4,0,0,0,21,94,5.89,2.727,9.8,0,14.7,9.8,0.67,0
649,Antonio Senzatela,18,COL,NL,1.2,6,6,0.5,4.38,23,13,2,0,0,0,90.1,94,45,44,10,30,1,69,3,0,1,390,108,4.17,1.373,9.4,1,3,6.9,2.3,0
651,Paul Sewald,18,NYM,NL,-1,0,7,0,6.07,46,0,9,0,0,2,56.1,62,39,38,8,23,2,58,1,0,1,253,62,4.23,1.509,9.9,1.3,3.7,9.3,2.52,0
652,Kevin Shackelford,18,CIN,NL,-0.3,0,1,0,7.88,5,0,1,0,0,0,8,13,8,7,0,4,1,7,1,0,1,41,55,3.29,2.125,14.6,0,4.5,7.9,1.75,0
653,Justin Shafer,18,TOR,AL,0.1,0,0,,3.24,6,0,1,0,0,0,8.1,6,4,3,1,7,0,2,1,0,0,39,136,7.12,1.56,6.5,1.1,7.6,2.2,0.29,0
654,Bryan Shaw,18,COL,NL,-1.2,4,6,0.4,5.93,61,0,14,0,0,0,54.2,70,43,36,9,28,1,54,1,0,8,257,80,4.92,1.793,11.5,1.5,4.6,8.9,1.93,0
655,Justus Sheffield*,18,NYY,AL,-0.1,0,0,,10.13,3,0,2,0,0,0,2.2,4,3,3,1,3,0,0,0,0,1,14,47,11.41,2.625,13.5,3.4,10.1,0,0,0
656,James Sherfy,18,ARI,NL,0.5,0,0,,1.65,15,0,3,0,0,0,16.1,8,3,3,1,10,1,17,2,0,0,69,259,4.08,1.102,4.4,0.6,5.5,9.4,1.7,0
657,Ryan Sherriff*,18,STL,NL,-0.1,0,0,,6.35,5,0,0,0,0,0,5.2,8,4,4,1,2,0,3,1,0,0,27,65,5.98,1.765,12.7,1.6,3.2,4.8,1.5,0
658,James Shields,18,CHW,AL,1.3,7,16,0.304,4.53,34,33,1,0,0,0,204.2,190,115,103,34,78,0,154,9,1,11,871,93,5.09,1.309,8.4,1.5,3.4,6.8,1.97,0
659,Braden Shipley,18,ARI,NL,-0.1,0,0,,7.2,3,0,2,0,0,0,5,4,4,4,0,2,0,3,1,0,0,21,62,3.76,1.2,7.2,0,3.6,5.4,1.5,0
660,Matt Shoemaker,18,LAA,AL,0.2,2,2,0.5,4.94,7,7,0,0,0,0,31,29,17,17,3,10,0,33,1,0,3,130,86,3.35,1.258,8.4,0.9,2.9,9.6,3.3,0
661,Chasen Shreve*,18,2TM,2LG,0.1,3,4,0.429,3.93,60,0,20,0,0,1,52.2,53,28,23,11,27,0,62,1,0,2,235,106,5.12,1.519,9.1,1.9,4.6,10.6,2.3,0
662,Lucas Sims,18,2TM,NL,-0.4,0,0,,7.47,9,0,2,0,0,0,15.2,15,13,13,3,13,1,16,2,0,0,77,57,6.48,1.787,8.6,1.7,7.5,9.2,1.23,0
663,Tony Sipp*,18,HOU,AL,1.3,3,1,0.75,1.86,54,0,8,0,0,0,38.2,27,8,8,1,13,0,42,1,0,2,151,225,2.41,1.034,6.3,0.2,3,9.8,3.23,0
664,Tyler Skaggs*,18,LAA,AL,1.8,8,10,0.444,4.02,24,24,0,0,0,0,125.1,127,60,56,14,40,0,129,5,0,2,533,104,3.63,1.332,9.1,1,2.9,9.3,3.23,0
665,Eric Skoglund*,18,KCR,AL,0.3,1,6,0.143,5.14,14,13,0,0,0,0,70,66,41,40,12,19,0,49,6,0,3,293,84,5.06,1.214,8.5,1.5,2.4,6.3,2.58,0
666,Aaron Slegers,18,MIN,AL,0,1,1,0.5,5.27,4,2,1,0,0,0,13.2,17,8,8,3,2,0,6,1,0,0,60,83,5.79,1.39,11.2,2,1.3,4,3,0
667,Burch Smith,18,KCR,AL,-1,1,6,0.143,6.92,38,6,16,0,0,0,78,90,60,60,15,40,2,77,4,1,0,358,63,5.38,1.667,10.4,1.7,4.6,8.9,1.93,0
668,Caleb Smith*,18,MIA,NL,0.7,5,6,0.455,4.19,16,16,0,0,0,0,77.1,63,36,36,10,33,2,88,3,0,0,326,92,3.96,1.241,7.3,1.2,3.8,10.2,2.67,0
669,Carson Smith,18,BOS,AL,0.2,1,1,0.5,3.77,18,0,5,0,0,0,14.1,14,6,6,2,6,0,18,0,0,0,64,120,3.72,1.395,8.8,1.3,3.8,11.3,3,0
670,Drew Smith,18,NYM,NL,0.4,1,1,0.5,3.54,27,0,8,0,0,0,28,34,11,11,2,6,0,18,2,0,1,120,106,3.66,1.429,10.9,0.6,1.9,5.8,3,0
671,Joe Smith,18,HOU,AL,0.4,5,1,0.833,3.74,56,0,13,0,0,0,45.2,34,20,19,7,12,0,46,2,0,1,180,112,4.06,1.007,6.7,1.4,2.4,9.1,3.83,0
672,Murphy Smith,18,TOR,AL,-0.1,0,0,,8.1,3,0,2,0,0,0,3.1,5,3,3,0,1,0,0,1,0,0,16,58,4.96,1.8,13.5,0,2.7,0,0,0
673,Will Smith*,18,SFG,NL,1.1,2,3,0.4,2.55,54,0,27,0,0,14,53,37,18,15,3,15,4,71,0,0,2,210,150,2.07,0.981,6.3,0.5,2.5,12.1,4.73,0
674,Josh Smoker*,18,2TM,2LG,-0.3,0,0,,8.59,8,0,1,0,0,0,7.1,11,7,7,2,7,0,4,0,0,2,38,52,8.48,2.455,13.5,2.5,8.6,4.9,0.57,0
675,Jake Smolinski,18,OAK,AL,-0.1,0,0,,18,1,0,1,0,0,0,1,2,2,2,1,0,0,0,0,0,0,5,32,16.16,2,18,9,0,0,,0
677,D.J. Snelten*,18,SFG,NL,-0.2,0,0,,10.38,4,0,0,0,0,0,4.1,9,6,5,2,3,0,4,0,0,0,26,40,9.39,2.769,18.7,4.2,6.2,8.3,1.33,0
678,Chad Sobotka,18,ATL,NL,0.4,1,0,1,1.88,14,0,5,0,0,0,14.1,5,3,3,2,9,2,21,0,0,3,58,222,3.93,0.977,3.1,1.3,5.7,13.2,2.33,0
679,Miguel Socolovich,18,ATL,NL,-0.3,0,1,0,10.8,4,0,3,0,0,0,5,8,6,6,0,2,0,4,0,0,0,25,41,2.76,2,14.4,0,3.6,7.2,2,0
680,Sammy Solís*,18,WSN,NL,-0.7,1,2,0.333,6.41,56,0,5,0,0,0,39.1,43,28,28,7,18,1,44,4,0,4,177,67,4.91,1.551,9.8,1.6,4.1,10.1,2.44,0
681,Joakim Soria,18,2TM,2LG,0.8,3,4,0.429,3.12,66,0,29,0,0,16,60.2,53,24,21,4,16,1,75,2,1,2,255,135,2.43,1.137,7.9,0.6,2.4,11.1,4.69,0
682,Michael Soroka,18,ATL,NL,-0.1,2,1,0.667,3.51,5,5,0,0,0,0,25.2,30,14,10,1,7,0,21,0,0,2,113,118,2.85,1.442,10.5,0.4,2.5,7.4,3,0
683,Cory Spangenberg,18,SDP,NL,-0.1,0,0,,13.5,2,0,2,0,0,0,2,4,3,3,0,3,0,0,0,0,0,12,34,7.66,3.5,18,0,13.5,0,0,0
684,Glenn Sparkman,18,KCR,AL,0.4,0,3,0,4.46,15,3,3,0,0,0,38.1,47,20,19,3,15,3,27,1,1,3,176,98,4.02,1.617,11,0.7,3.5,6.3,1.8,0
685,Jeffrey Springs*,18,TEX,AL,0.6,1,1,0.5,3.38,18,2,4,0,0,0,32,32,14,12,4,14,1,31,1,0,3,141,142,4.25,1.438,9,1.1,3.9,8.7,2.21,0
686,Craig Stammen,18,SDP,NL,1.8,8,3,0.727,2.73,73,0,7,0,0,0,79,65,25,24,3,17,3,88,3,0,3,317,141,2.19,1.038,7.4,0.3,1.9,10,5.18,0
687,Ryne Stanek,18,TBR,AL,1.2,2,3,0.4,2.98,59,29,10,0,0,0,66.1,45,23,22,8,27,1,81,1,0,5,263,138,3.55,1.085,6.1,1.1,3.7,11,3,0
688,Drew Steckenrider,18,MIA,NL,0.4,4,4,0.5,3.9,71,0,17,0,0,5,64.2,55,29,28,7,27,5,74,2,0,0,272,99,3.62,1.268,7.7,1,3.8,10.3,2.74,0
689,Jackson Stephens,18,CIN,NL,-0.7,2,3,0.4,4.93,29,0,12,0,0,0,38.1,50,30,21,7,15,3,33,3,0,3,183,85,5.22,1.696,11.7,1.6,3.5,7.7,2.2,0
690,Robert Stephenson,18,CIN,NL,-0.4,0,2,0,9.26,4,3,0,0,0,0,11.2,17,12,12,2,12,3,11,0,1,2,63,46,6.59,2.486,13.1,1.5,9.3,8.5,0.92,0
691,Brock Stewart,18,LAD,NL,-0.6,0,1,0,6.11,9,2,3,0,0,0,17.2,23,15,12,4,9,3,14,2,0,1,90,65,6.39,1.811,11.7,2,4.6,7.1,1.56,0
692,Kohl Stewart,18,MIN,AL,0.7,2,1,0.667,3.68,8,4,0,0,0,0,36.2,34,16,15,1,18,0,24,3,0,4,159,117,3.92,1.418,8.3,0.2,4.4,5.9,1.33,0
693,Robert Stock,18,SDP,NL,0.6,1,1,0.5,2.5,32,0,6,0,0,0,39.2,37,13,11,1,13,1,38,2,1,3,166,155,2.71,1.261,8.4,0.2,2.9,8.6,2.92,0
694,Eric Stout*,18,KCR,AL,-0.4,0,0,,23.14,3,0,0,0,0,0,2.1,7,7,6,2,2,0,2,0,0,0,16,21,15.16,3.857,27,7.7,7.7,7.7,1,0
695,Matt Strahm*,18,SDP,NL,1.6,3,4,0.429,2.05,41,5,5,0,0,0,61.1,39,16,14,6,21,1,69,3,0,2,245,188,3.36,0.978,5.7,0.9,3.1,10.1,3.29,0
696,Dan Straily,18,MIA,NL,0.7,5,6,0.455,4.12,23,23,0,0,0,0,122.1,107,62,56,20,52,5,99,7,0,1,518,93,5.11,1.3,7.9,1.5,3.8,7.3,1.9,0
697,Stephen Strasburg,18,WSN,NL,2.3,10,7,0.588,3.74,22,22,0,0,0,0,130,118,59,54,18,38,2,156,8,1,5,544,114,3.62,1.2,8.2,1.2,2.6,10.8,4.11,0
698,Chris Stratton,18,SFG,NL,-0.5,10,10,0.5,5.09,28,26,1,1,1,0,145,153,87,82,19,54,1,112,2,0,6,625,75,4.48,1.428,9.5,1.2,3.4,7,2.07,0
699,Hunter Strickland,18,SFG,NL,-0.3,3,5,0.375,3.97,49,0,35,0,0,14,45.1,43,25,20,5,21,2,37,1,0,4,201,96,4.42,1.412,8.5,1,4.2,7.3,1.76,0
700,Ross Stripling,18,LAD,NL,2.4,8,6,0.571,3.02,33,21,2,0,0,0,122,123,42,41,18,22,2,136,1,0,3,503,128,3.41,1.189,9.1,1.3,1.6,10,6.18,0
701,Marcus Stroman,18,TOR,AL,0,4,9,0.308,5.54,19,19,0,0,0,0,102.1,115,68,63,9,36,0,77,2,1,3,449,77,3.91,1.476,10.1,0.8,3.2,6.8,2.14,0
702,Pedro Strop,18,CHC,NL,1.8,6,1,0.857,2.26,60,0,20,0,0,13,59.2,38,15,15,4,21,3,57,5,0,3,240,185,3.43,0.989,5.7,0.6,3.2,8.6,2.71,0
703,Daniel Stumpf*,18,DET,AL,-0.1,1,5,0.167,4.93,56,0,5,0,0,0,38.1,44,23,21,5,16,1,37,0,0,2,173,92,4.18,1.565,10.3,1.2,3.8,8.7,2.31,0
704,Andrew Suárez*,18,SFG,NL,0.9,7,13,0.35,4.49,29,29,0,0,0,0,160.1,163,85,80,23,45,1,130,3,0,4,665,85,4.3,1.297,9.1,1.3,2.5,7.3,2.89,0
705,Ranger Suárez*,18,PHI,NL,-0.3,1,1,0.5,5.4,4,3,0,0,0,0,15,21,14,9,3,6,1,11,0,1,0,69,78,5.49,1.8,12.6,1.8,3.6,6.6,1.83,0
706,Jesús Sucre,18,TBR,AL,-0.1,0,0,,18,2,0,1,0,0,0,1,4,2,2,0,0,0,0,0,0,0,7,31,3.16,4,36,0,0,0,,0
707,Wander Suero,18,WSN,NL,0.7,4,1,0.8,3.59,40,0,11,0,0,0,47.2,43,20,19,4,15,2,47,4,1,3,200,119,3.47,1.217,8.1,0.8,2.8,8.9,3.13,0
708,Brent Suter*,18,MIL,NL,-0.3,8,7,0.533,4.44,20,18,0,0,0,0,101.1,102,55,50,18,19,2,84,4,0,1,424,92,4.49,1.194,9.1,1.6,1.7,7.5,4.42,0
709,Anthony Swarzak,18,NYM,NL,-0.5,0,2,0,6.15,29,0,12,0,0,4,26.1,28,18,18,6,14,0,31,1,0,2,116,61,5.48,1.595,9.6,2.1,4.8,10.6,2.21,0
710,Noah Syndergaard,18,NYM,NL,3.7,13,4,0.765,3.03,25,25,0,2,1,0,154.1,148,55,52,9,39,2,155,7,0,2,644,123,2.8,1.212,8.6,0.5,2.3,9,3.97,0
711,Jameson Taillon,18,PIT,NL,4.8,14,10,0.583,3.2,32,32,0,2,1,0,191,179,69,68,20,46,4,179,6,0,2,785,122,3.46,1.178,8.4,0.9,2.2,8.4,3.89,0
712,Masahiro Tanaka,18,NYY,AL,2.3,12,6,0.667,3.75,27,27,0,1,1,0,156,141,68,65,25,35,0,159,7,0,3,635,112,4.01,1.128,8.1,1.4,2,9.2,4.54,0
713,Stephen Tarpley*,18,NYY,AL,0.2,0,0,,3,10,0,3,0,0,0,9,6,3,3,0,6,0,13,0,0,0,40,145,2.27,1.333,6,0,6,13,2.17,0
714,Ben Taylor,18,CLE,AL,0,0,0,,6,6,0,4,0,0,0,6,6,4,4,2,1,0,8,0,0,0,25,76,5.33,1.167,9,3,1.5,12,8,0
715,Junichi Tazawa,18,2TM,2LG,-0.8,1,1,0.5,7.07,31,0,10,0,0,0,28,35,24,22,7,16,3,28,0,0,1,134,57,6.12,1.821,11.3,2.3,5.1,9,1.75,0
716,Julio Teheran,18,ATL,NL,1.9,9,9,0.5,3.94,31,31,0,0,0,0,175.2,122,80,77,26,84,3,162,9,3,2,724,103,4.83,1.173,6.3,1.3,4.3,8.3,1.93,0
717,Ryan Tepera,18,TOR,AL,1.2,5,5,0.5,3.62,68,0,19,0,0,7,64.2,55,27,26,9,24,1,68,4,1,5,263,117,4.17,1.222,7.7,1.3,3.3,9.5,2.83,0
718,Jake Thompson,18,PHI,NL,0,1,0,1,4.96,9,0,6,0,0,2,16.1,14,10,9,1,11,2,14,0,0,1,76,85,4.26,1.531,7.7,0.6,6.1,7.7,1.27,0
719,Tyler Thornburg,18,BOS,AL,-0.1,2,0,1,5.63,25,0,9,0,0,0,24,28,15,15,6,10,0,21,1,0,2,107,79,6.04,1.583,10.5,2.3,3.8,7.9,2.1,0
720,Chris Tillman,18,BAL,AL,-1.1,1,5,0.167,10.46,7,7,0,0,0,0,26.2,42,32,31,6,17,0,13,2,0,6,137,41,7.25,2.213,14.2,2,5.7,4.4,0.76,0
721,Carlos Tocci,18,TEX,AL,0,0,0,,0,1,0,0,0,0,0,0.2,0,0,0,0,0,0,0,0,0,0,2,,3.16,0,0,0,0,0,,0
722,Josh Tomlin,18,CLE,AL,-0.8,2,5,0.286,6.14,32,9,19,0,0,0,70.1,92,52,48,25,12,1,46,4,0,5,321,71,7.16,1.479,11.8,3.2,1.5,5.9,3.83,0
723,Carlos Torres,18,WSN,NL,-0.1,0,0,,6.52,10,0,9,0,0,0,9.2,9,7,7,3,3,0,9,1,0,0,41,67,6.57,1.241,8.4,2.8,2.8,8.4,3,0
724,Touki Toussaint,18,ATL,NL,0.4,2,1,0.667,4.03,7,5,1,0,0,0,29,18,13,13,1,21,1,32,2,0,1,123,102,3.78,1.345,5.6,0.3,6.5,9.9,1.52,0
726,Andrew Triggs,18,OAK,AL,0,3,1,0.75,5.23,9,9,0,0,0,0,41.1,37,24,24,7,18,0,43,3,0,3,182,80,4.81,1.331,8.1,1.5,3.9,9.4,2.39,0
727,Lou Trivino,18,OAK,AL,1.7,8,3,0.727,2.92,69,1,10,0,0,4,74,53,24,24,8,31,4,82,2,1,4,299,143,3.69,1.135,6.4,1,3.8,10,2.65,0
728,Nick Tropeano,18,LAA,AL,0.3,5,6,0.455,4.74,14,14,0,0,0,0,76,68,41,40,16,31,2,64,2,0,2,316,89,5.52,1.303,8.1,1.9,3.7,7.6,2.06,0
729,Jen-Ho Tseng,18,CHC,NL,-0.2,0,0,,13.5,1,1,0,0,0,0,2,4,3,3,1,0,0,3,0,0,0,10,36,6.66,2,18,4.5,0,13.5,,0
730,Sam Tuivailala,18,2TM,2LG,0.4,4,3,0.571,3.41,36,0,5,0,0,0,37,41,15,14,3,12,2,30,2,0,5,165,117,3.73,1.432,10,0.7,2.9,7.3,2.5,0
731,Spencer Turnbull,18,DET,AL,0,0,2,0,6.06,4,3,0,0,0,0,16.1,17,11,11,1,4,0,15,0,1,1,69,76,2.85,1.286,9.4,0.6,2.2,8.3,3.75,0
732,Jacob Turner,18,2TM,2LG,-0.9,0,1,0,20.25,5,1,1,0,0,0,6.2,19,17,15,2,6,0,3,0,0,0,46,22,8.86,3.75,25.7,2.7,8.1,4.1,0.5,0
733,Duane Underwood Jr.,18,CHC,NL,0.2,0,1,0,2.25,1,1,0,0,0,0,4,2,1,1,1,3,0,3,0,0,0,16,202,7.16,1.25,4.5,2.3,6.8,6.8,1,0
734,José Ureña,18,MIA,NL,2.1,9,12,0.429,3.98,31,31,0,1,0,0,174,155,78,77,19,51,8,130,12,1,2,712,96,4.17,1.184,8,1,2.6,6.7,2.55,0
735,Julio Urías*,18,LAD,NL,0.1,0,0,,0,3,0,3,0,0,0,4,1,0,0,0,0,0,7,0,0,0,13,,-0.34,0.25,2.3,0,0,15.8,,0
736,Framber Valdez*,18,HOU,AL,1.1,4,1,0.8,2.19,8,5,0,0,0,0,37,22,10,9,3,24,0,34,4,0,5,154,191,4.65,1.243,5.4,0.7,5.8,8.3,1.42,0
737,José Váldez,18,SFG,NL,-0.2,0,0,,12.6,4,0,3,0,0,0,5,8,7,7,3,1,0,4,0,0,0,24,33,9.96,1.8,14.4,5.4,1.8,7.2,4,0
738,Danny Valencia,18,BAL,AL,0,0,0,,0,1,0,1,0,0,0,0.1,0,0,0,0,0,0,1,0,0,0,1,,-2.84,0,0,0,0,27,,0
739,Jesmuel Valentín,18,PHI,NL,-0.1,0,0,,27,1,0,1,0,0,0,1,2,3,3,1,2,0,1,0,0,0,7,21,20.16,4,18,9,18,9,0.5,0
740,Jason Vargas*,18,NYM,NL,-0.5,7,9,0.438,5.77,20,20,0,0,0,0,92,100,60,59,18,30,1,84,5,0,0,404,65,5.02,1.413,9.8,1.8,2.9,8.2,2.8,0
741,Andrew Vasquez*,18,MIN,AL,-0.1,1,0,1,5.4,9,0,0,0,0,0,5,5,4,3,0,2,0,7,3,0,0,26,85,3.36,1.4,9,0,3.6,12.6,3.5,0
742,Jerry Vasto*,18,2TM,2LG,-0.2,0,1,0,8.31,6,0,0,0,0,0,4.1,6,5,4,1,2,0,4,0,0,0,21,61,5.7,1.846,12.5,2.1,4.2,8.3,2,0
743,Felipe Vázquez*,18,PIT,NL,1.5,4,2,0.667,2.7,70,0,60,0,0,37,70,63,24,21,4,24,2,89,1,0,3,296,146,2.43,1.243,8.1,0.5,3.1,11.4,3.71,0
744,Vince Velasquez,18,PHI,NL,1.4,9,12,0.429,4.85,31,30,1,0,0,0,146.2,138,83,79,16,59,1,161,8,0,9,630,85,3.75,1.343,8.5,1,3.6,9.9,2.73,0
745,Hector Velázquez,18,BOS,AL,1.3,7,2,0.778,3.18,47,8,15,0,0,0,85,97,35,30,7,26,1,53,7,0,4,370,139,4.15,1.447,10.3,0.7,2.8,5.6,2.04,0
746,Pat Venditte#,18,LAD,NL,0.2,0,0,,2.57,15,0,6,0,0,0,14,11,4,4,1,3,1,9,2,0,0,57,155,3.87,1,7.1,0.6,1.9,5.8,3,0
747,Jonny Venters*,18,2TM,2LG,0.2,5,2,0.714,3.67,50,1,10,0,0,3,34.1,26,15,14,1,16,3,27,1,0,3,145,114,3.45,1.223,6.8,0.3,4.2,7.1,1.69,0
748,Drew VerHagen,18,DET,AL,0.6,3,3,0.5,4.63,41,1,4,0,0,0,56.1,46,29,29,6,19,0,53,3,0,6,233,97,3.83,1.154,7.3,1,3,8.5,2.79,0
750,Thyago Vieira,18,CHW,AL,-0.3,1,1,0.5,7.13,16,0,9,0,0,1,17.2,21,14,14,4,9,0,15,3,1,6,85,60,6.44,1.698,10.7,2,4.6,7.6,1.67,0
751,Nick Vincent,18,SEA,AL,0.3,4,4,0.5,3.99,62,1,8,0,0,0,56.1,50,28,25,7,15,4,56,3,1,0,239,102,3.75,1.154,8,1.1,2.4,8.9,3.73,0
752,Arodys Vizcaíno,18,ATL,NL,1.3,2,2,0.5,2.11,39,0,31,0,0,16,38.1,30,9,9,4,15,1,40,2,0,4,158,195,3.76,1.174,7,0.9,3.5,9.4,2.67,0
753,Chris Volstad,18,CHW,AL,-0.6,1,5,0.167,6.27,33,1,5,0,0,0,47.1,65,35,33,9,12,1,29,3,0,1,215,68,5.36,1.627,12.4,1.7,2.3,5.5,2.42,0
754,Austin Voth,18,WSN,NL,-0.2,1,1,0.5,6.57,4,2,0,0,0,0,12.1,12,9,9,3,6,0,11,0,0,1,55,66,6,1.459,8.8,2.2,4.4,8,1.83,0
755,Michael Wacha,18,STL,NL,1.1,8,2,0.8,3.2,15,15,0,0,0,0,84.1,68,36,30,9,36,0,71,2,1,2,355,121,4.22,1.233,7.3,1,3.8,7.6,1.97,0
756,Bobby Wahl,18,NYM,NL,-0.3,0,1,0,10.13,7,0,0,0,0,0,5.1,9,6,6,2,4,0,7,0,0,0,29,39,7.66,2.438,15.2,3.4,6.8,11.8,1.75,0
757,Adam Wainwright,18,STL,NL,0.3,2,4,0.333,4.46,8,8,0,0,0,0,40.1,41,21,20,5,18,1,40,2,0,1,181,88,4.28,1.463,9.1,1.1,4,8.9,2.22,0
758,Marcus Walden,18,BOS,AL,0.1,0,0,,3.68,8,0,5,0,0,1,14.2,14,7,6,0,3,0,14,1,0,2,59,122,2.07,1.159,8.6,0,1.8,8.6,4.67,0
759,Taijuan Walker,18,ARI,NL,0.2,0,0,,3.46,3,3,0,0,0,0,13,15,5,5,1,5,0,9,0,0,0,56,124,3.93,1.538,10.4,0.7,3.5,6.2,1.8,0
760,Adam Warren,18,2TM,AL,0.9,3,2,0.6,3.14,47,0,10,0,0,0,51.2,48,18,18,6,20,1,52,2,0,3,223,134,3.93,1.316,8.4,1,3.5,9.1,2.6,0
761,Tony Watson*,18,SFG,NL,2,4,6,0.4,2.59,72,0,10,0,0,0,66,54,19,19,4,14,3,72,1,0,0,261,147,2.45,1.03,7.4,0.5,1.9,9.8,5.14,0
762,Luke Weaver,18,STL,NL,-0.7,7,11,0.389,4.95,30,25,3,0,0,0,136.1,150,83,75,19,54,2,121,3,0,3,609,78,4.45,1.496,9.9,1.3,3.6,8,2.24,0
763,Tyler Webb*,18,2TM,NL,-0.5,0,1,0,4.43,22,0,5,0,0,0,20.1,22,15,10,3,9,2,15,1,0,0,90,91,5.08,1.525,9.7,1.3,4,6.6,1.67,0
764,Ryan Weber,18,TBR,AL,-0.2,0,1,0,5.06,2,0,0,0,0,0,5.1,5,5,3,0,2,0,1,1,0,0,25,87,4.47,1.313,8.4,0,3.4,1.7,0.5,0
765,Allen Webster,18,CHC,NL,0,1,0,1,6,3,0,1,0,0,0,3,2,2,2,1,1,0,3,2,0,0,15,78,8.49,1,6,3,3,9,3,0
766,Zack Weiss,18,CIN,NL,0,0,0,,,1,0,0,0,0,0,0,2,4,4,2,2,0,0,0,0,0,4,4,,,,,,,0,0
767,J.B. Wendelken,18,OAK,AL,0.6,0,0,,0.54,13,0,3,0,0,0,16.2,8,1,1,1,5,0,14,0,0,1,62,784,3.16,0.78,4.3,0.5,2.7,7.6,2.8,0
768,Rob Whalen,18,SEA,AL,0.2,0,0,,0,1,0,0,0,0,0,4,1,0,0,0,1,0,0,0,0,0,14,,3.91,0.5,2.3,0,2.3,0,0,0
769,Zack Wheeler,18,NYM,NL,3.6,12,7,0.632,3.31,29,29,0,0,0,0,182.1,150,69,67,14,55,0,179,9,1,2,744,112,3.25,1.124,7.4,0.7,2.7,8.8,3.25,0
770,Chase Whitley,18,ATL,NL,-0.1,0,0,,18,1,0,0,0,0,0,1,2,2,2,1,1,0,1,0,0,0,6,31,17.16,3,18,9,9,9,1,0
771,Rowan Wick,18,SDP,NL,-0.2,0,1,0,6.48,10,0,3,0,0,0,8.1,13,6,6,1,1,0,7,0,0,0,38,62,3.4,1.68,14,1.1,1.1,7.6,7,0
772,Brad Wieck*,18,SDP,NL,0.2,0,0,,1.29,5,0,0,0,0,0,7,3,1,1,1,0,0,10,0,0,0,24,315,2.16,0.429,3.9,1.3,0,12.9,,0
773,Aaron Wilkerson,18,MIL,NL,-0.4,0,1,0,10,3,1,2,0,0,0,9,12,10,10,4,3,0,10,1,0,0,43,42,8.05,1.667,12,4,3,10,3.33,0
774,Austen Williams,18,WSN,NL,0,0,1,0,5.59,10,0,4,0,0,0,9.2,10,6,6,5,6,2,8,0,0,1,44,79,10.09,1.655,9.3,4.7,5.6,7.4,1.33,0
775,Taylor Williams,18,MIL,NL,-0.4,1,3,0.25,4.25,56,0,10,0,0,0,53,53,28,25,6,25,4,57,1,0,4,236,97,3.95,1.472,9,1,4.2,9.7,2.28,0
776,Trevor Williams,18,PIT,NL,3.8,14,10,0.583,3.11,31,31,0,1,1,0,170.2,146,64,59,15,55,3,126,4,0,4,701,126,3.86,1.178,7.7,0.8,2.9,6.6,2.29,0
777,Alex Wilson,18,DET,AL,1.4,2,4,0.333,3.36,59,0,13,0,0,0,61.2,50,24,23,8,15,2,43,2,0,2,245,134,4.28,1.054,7.3,1.2,2.2,6.3,2.87,0
778,Bryse Wilson,18,ATL,NL,-0.1,1,0,1,6.43,3,1,2,0,0,0,7,8,5,5,0,6,2,6,0,0,0,33,67,4.02,2,10.3,0,7.7,7.7,1,0
779,Justin Wilson*,18,CHC,NL,0.6,4,5,0.444,3.46,71,0,12,0,0,0,54.2,45,22,21,5,33,1,69,0,1,4,236,121,3.64,1.427,7.4,0.8,5.4,11.4,2.09,0
780,Trey Wingenter,18,SDP,NL,0.1,0,0,,3.79,22,0,5,0,0,0,19,13,8,8,3,11,0,27,1,0,1,81,103,4.27,1.263,6.2,1.4,5.2,12.8,2.45,0
781,Dan Winkler,18,ATL,NL,0.3,4,0,1,3.43,69,0,11,0,0,2,60.1,52,27,23,3,20,1,69,5,0,2,255,119,2.76,1.193,7.8,0.4,3,10.3,3.45,0
782,Matt Wisler,18,2TM,NL,0.1,1,1,0.5,4.28,18,3,3,0,0,0,40,41,20,19,8,7,0,32,0,0,1,166,98,4.69,1.2,9.2,1.8,1.6,7.2,4.57,0
783,Nick Wittgren,18,MIA,NL,0.4,2,1,0.667,2.94,32,0,6,0,0,0,33.2,29,13,11,1,15,3,31,1,0,2,148,132,3.13,1.307,7.8,0.3,4,8.3,2.07,0
784,Alex Wood*,18,LAD,NL,1.2,9,7,0.563,3.68,33,27,0,0,0,0,151.2,143,70,62,14,40,5,135,8,1,2,637,105,3.53,1.207,8.5,0.8,2.4,8,3.38,0
785,Blake Wood,18,LAA,AL,0.4,1,0,1,2.31,13,0,1,0,0,0,11.2,8,3,3,1,7,2,10,1,0,0,47,187,4.62,1.286,6.2,0.8,5.4,7.7,1.43,0
786,Hunter Wood,18,TBR,AL,0.3,1,1,0.5,3.73,29,8,3,0,0,0,41,42,17,17,4,18,1,42,0,1,0,179,111,3.7,1.463,9.2,0.9,4,9.2,2.33,0
787,Brandon Woodruff,18,MIL,NL,0.3,3,0,1,3.61,19,4,4,0,0,1,42.1,36,18,17,4,14,0,47,2,0,1,176,114,3.3,1.181,7.7,0.9,3,10,3.36,0
788,Brandon Workman,18,BOS,AL,0.8,6,1,0.857,3.27,43,0,4,0,0,0,41.1,34,15,15,6,16,0,37,0,0,0,167,136,4.42,1.21,7.4,1.3,3.5,8.1,2.31,0
789,Kyle Wright,18,ATL,NL,0,0,0,,4.5,4,0,1,0,0,0,6,4,3,3,2,6,0,5,0,0,0,28,96,8.83,1.667,6,3,9,7.5,0.83,0
790,Mike Wright Jr.,18,BAL,AL,-0.2,4,2,0.667,5.55,48,2,16,0,0,0,84.1,101,55,52,12,36,1,74,7,0,4,388,77,4.78,1.625,10.8,1.3,3.8,7.9,2.06,0
791,Steven Wright,18,BOS,AL,1.4,3,1,0.75,2.68,20,4,4,0,0,1,53.2,41,17,16,5,26,1,42,2,0,0,223,165,4.37,1.248,6.9,0.8,4.4,7,1.62,0
792,Jimmy Yacabonis,18,BAL,AL,0.2,0,2,0,5.4,12,7,0,0,0,0,40,40,25,24,8,18,1,33,5,0,4,177,80,5.84,1.45,9,1.8,4.1,7.4,1.83,0
793,Ryan Yarbrough*,18,TBR,AL,1.2,16,6,0.727,3.91,38,6,3,0,0,0,147.1,140,70,64,18,50,6,128,8,0,1,628,105,4.19,1.29,8.6,1.1,3.1,7.8,2.56,0
794,Kirby Yates,18,SDP,NL,2.1,5,3,0.625,2.14,65,0,28,0,0,12,63,41,15,15,6,17,0,90,4,0,2,250,180,2.54,0.921,5.9,0.9,2.4,12.9,5.29,0
795,Mike Zagurski*,18,MIL,NL,-0.7,0,1,0,63,2,0,0,0,0,0,1,5,7,7,0,2,1,2,0,0,0,10,9,5.16,7,45,0,18,18,1,0
796,Daniel Zamora*,18,NYM,NL,0.3,1,0,1,3,16,0,4,0,0,0,9,6,3,3,1,3,1,16,1,0,0,36,129,2.38,1,6,1,3,16,5.33,0
797,Rob Zastryzny*,18,CHC,NL,-0.1,1,0,1,4.76,6,0,2,0,0,0,5.2,6,3,3,0,4,0,3,1,0,0,26,93,4.75,1.765,9.5,0,6.4,4.8,0.75,0
798,Brad Ziegler,18,2TM,NL,0.1,2,6,0.25,3.91,82,0,24,0,0,10,73.2,71,34,32,8,25,6,50,2,0,1,305,102,4.31,1.303,8.7,1,3.1,6.1,2,0
799,Jordan Zimmermann,18,DET,AL,1,7,8,0.467,4.52,25,25,0,0,0,0,131.1,140,76,66,28,26,0,111,2,0,1,556,99,4.88,1.264,9.6,1.9,1.8,7.6,4.27,0
