Player,yr,Team,Lg,WAR,W,L,W-L%,ERA,G,GS,GF,CG,SHO,SV,IP,H,R,ER,HR,BB,IBB,SO,HBP,BK,WP,BF,ERA+,FIP,WHIP,H9,HR9,BB9,SO9,SO/BB,Cy_young,
Lucas Giolito,21,CHW,AL,4.3,11,9,0.55,3.53,31,31,0,1,0,0,178.2,145,74,70,27,52,1,201,2,0,12,720,124,3.79,1.103,7.3,1.4,2.6,10.1,3.87,11,
Patrick Corbin*,19,WSN,NL,5.1,14,7,0.667,3.25,33,33,0,1,1,0,202,169,81,73,24,70,2,238,3,0,4,835,138,3.49,1.183,7.5,1.1,3.1,10.6,3.4,11,
Logan Webb,22,SFG,NL,4.6,15,9,0.625,2.9,32,32,0,0,0,0,192.1,174,76,62,11,49,0,163,7,0,6,787,136,3.03,1.159,8.1,0.5,2.3,7.6,3.33,11,
Aaron Nola,24,PHI,NL,3.7,14,8,0.636,3.57,33,33,0,1,1,0,199.1,189,84,79,30,50,0,197,3,0,2,820,115,3.94,1.199,8.5,1.4,2.3,8.9,3.94,11,
Sean Manaea*,24,NYM,NL,3,12,6,0.667,3.47,32,32,0,0,0,0,181.2,134,75,70,21,63,0,184,9,0,4,738,112,3.83,1.084,6.6,1,3.1,9.1,2.92,11,
Chris Bassitt,21,OAK,AL,4,12,4,0.75,3.15,27,27,0,1,1,0,157.1,127,55,55,15,39,1,159,11,1,5,637,131,3.34,1.055,7.3,0.9,2.2,9.1,4.08,10,
Chris Bassitt,23,TOR,AL,2.7,16,8,0.667,3.6,33,33,0,1,1,0,200,176,88,80,28,59,2,186,12,3,4,826,119,4.28,1.175,7.9,1.3,2.7,8.4,3.15,10,
Kyle Wright,22,ATL,NL,3.7,21,5,0.808,3.19,30,30,0,0,0,0,180.1,156,67,64,19,53,0,174,9,0,7,738,128,3.58,1.159,7.8,0.9,2.6,8.7,3.28,10,
Cristopher Sánchez*,24,PHI,NL,3.4,11,9,0.55,3.32,31,31,0,2,1,0,181.2,182,76,67,11,44,0,153,0,1,7,754,124,3,1.244,9,0.5,2.2,7.6,3.48,10,
Framber Valdez*,23,HOU,AL,3.2,12,11,0.522,3.45,31,31,0,2,2,0,198,166,86,76,19,57,0,200,10,0,6,808,123,3.5,1.126,7.5,0.9,2.6,9.1,3.51,9,
Kevin Gausman,22,TOR,AL,3,12,10,0.545,3.35,31,31,0,0,0,0,174.2,188,72,65,15,28,0,205,1,2,2,725,115,2.38,1.237,9.7,0.8,1.4,10.6,7.32,9,
Gerrit Cole,22,NYY,AL,2.6,13,8,0.619,3.5,33,33,0,0,0,0,200.2,154,81,78,33,50,0,257,2,2,2,793,112,3.47,1.017,6.9,1.5,2.2,11.5,5.14,9,
Yusei Kikuchi*,24,2TM,AL,1.4,9,10,0.474,4.05,32,32,0,0,0,0,175.2,167,85,79,25,44,0,206,2,0,4,736,100,3.46,1.201,8.6,1.3,2.3,10.6,4.68,9,
Jacob deGrom,21,NYM,NL,4.5,7,2,0.778,1.08,15,15,0,1,1,0,92,40,14,11,6,11,0,146,1,0,0,324,373,1.24,0.554,3.9,0.6,1.1,14.3,13.27,9,
Walker Buehler,19,LAD,NL,2.3,14,4,0.778,3.26,30,30,0,2,0,0,182.1,153,77,66,20,37,0,215,7,0,4,737,127,3.01,1.042,7.6,1,1.8,10.6,5.81,9,
Mike Minor*,19,TEX,AL,8,14,10,0.583,3.59,32,32,0,2,1,0,208.1,190,86,83,30,68,1,200,7,0,2,863,144,4.25,1.238,8.2,1.3,2.9,8.6,2.94,8,
Nestor Cortes*,22,NYY,AL,4.4,12,4,0.75,2.44,28,28,0,1,1,0,158.1,108,44,43,16,38,0,163,2,0,1,615,161,3.12,0.922,6.1,0.9,2.2,9.3,4.29,8,
George Kirby,23,SEA,AL,3.8,13,10,0.565,3.35,31,31,0,1,0,0,190.2,179,74,71,22,19,1,172,6,0,1,757,118,3.34,1.038,8.4,1,0.9,8.1,9.05,8,
Hunter Greene,24,CIN,NL,6.2,9,5,0.643,2.75,26,26,0,0,0,0,150.1,96,47,46,12,57,0,169,19,1,7,611,160,3.47,1.018,5.7,0.7,3.4,10.1,2.96,8,
Yu Darvish,22,SDP,NL,4.6,16,8,0.667,3.1,30,30,0,0,0,0,194.2,148,67,67,22,37,0,197,12,1,4,771,122,3.31,0.95,6.8,1,1.7,9.1,5.32,8,
Corbin Burnes,23,MIL,NL,3.5,10,8,0.556,3.39,32,32,0,0,0,0,193.2,141,77,73,22,66,0,200,8,1,10,784,127,3.81,1.069,6.6,1,3.1,9.3,3.03,8,
Clayton Kershaw*,19,LAD,NL,3.3,16,5,0.762,3.03,29,28,0,0,0,0,178.1,145,63,60,28,41,0,189,2,1,7,706,137,3.86,1.043,7.3,1.4,2.1,9.5,4.61,8,
Framber Valdez*,24,HOU,AL,4.4,15,7,0.682,2.91,28,28,0,1,0,0,176.1,140,60,57,13,55,0,169,6,1,8,703,137,3.25,1.106,7.1,0.7,2.8,8.6,3.07,7,
Shane Bieber,22,CLE,AL,3.5,13,8,0.619,2.88,31,31,0,1,0,0,200,172,70,64,18,36,0,198,2,1,5,791,131,2.87,1.04,7.7,0.8,1.6,8.9,5.5,7,
Pablo López,23,MIN,AL,3.5,11,8,0.579,3.66,32,32,0,1,1,0,194,176,81,79,24,48,1,234,9,0,7,801,119,3.33,1.155,8.2,1.1,2.2,10.9,4.88,7,
Lance McCullers Jr.,21,HOU,AL,3.3,13,5,0.722,3.16,28,28,0,0,0,0,162.1,122,59,57,13,76,0,185,10,0,7,684,136,3.52,1.22,6.8,0.7,4.2,10.3,2.43,7,
Sonny Gray,19,CIN,NL,6.2,11,8,0.579,2.87,31,31,0,0,0,0,175.1,122,59,56,17,68,1,205,7,1,7,708,162,3.42,1.084,6.3,0.9,3.5,10.5,3.01,7,
Julio Urías*,21,LAD,NL,4.8,20,3,0.87,2.96,32,32,0,0,0,0,185.2,151,67,61,19,38,3,195,7,1,2,745,143,3.13,1.018,7.3,0.9,1.8,9.5,5.13,7,
Kodai Senga,23,NYM,NL,4.5,12,7,0.632,2.98,29,29,0,0,0,0,166.1,126,60,55,17,77,0,202,5,1,14,694,140,3.63,1.22,6.8,0.9,4.2,10.9,2.62,7,
Corbin Burnes,22,MIL,NL,4.3,12,8,0.6,2.94,33,33,0,0,0,0,202,144,73,66,23,51,0,243,13,0,10,797,137,3.14,0.965,6.4,1,2.3,10.8,4.76,7,
Michael King,24,SDP,NL,4.1,13,9,0.591,2.95,31,30,0,0,0,0,173.2,144,71,57,17,63,2,201,7,0,1,726,138,3.33,1.192,7.5,0.9,3.3,10.4,3.19,7,
Adam Wainwright,21,STL,NL,3.7,17,7,0.708,3.05,32,32,0,3,1,0,206.1,168,72,70,21,50,3,174,9,1,4,828,128,3.66,1.057,7.3,0.9,2.2,7.6,3.48,7,
Eduardo Rodríguez*,19,BOS,AL,5.5,19,6,0.76,3.81,34,34,0,0,0,0,203.1,195,88,86,24,75,2,213,7,0,3,859,128,3.86,1.328,8.6,1.1,3.3,9.4,2.84,6,
Lucas Giolito,19,CHW,AL,5.4,14,9,0.609,3.41,29,29,0,3,2,0,176.2,131,69,67,24,57,1,228,4,0,6,705,134,3.43,1.064,6.7,1.2,2.9,11.6,4,6,
Shane McClanahan*,22,TBR,AL,4.2,12,8,0.6,2.54,28,28,0,0,0,0,166.1,116,52,47,19,38,1,194,3,0,9,641,144,3,0.926,6.3,1,2.1,10.5,5.11,6,
Frankie Montas,21,OAK,AL,3.7,13,9,0.591,3.37,32,32,0,0,0,0,187,164,79,70,20,57,1,207,7,0,11,778,122,3.37,1.182,7.9,1,2.7,10,3.63,6,
Zach Eflin,23,TBR,AL,3.6,16,8,0.667,3.5,31,31,0,0,0,0,177.2,158,69,69,19,24,1,186,3,0,0,703,120,3.01,1.024,8,1,1.2,9.4,7.75,6,
Logan Gilbert,24,SEA,AL,2.8,9,12,0.429,3.23,33,33,0,1,0,0,208.2,148,83,75,26,37,1,220,4,0,11,803,115,3.27,0.887,6.4,1.1,1.6,9.5,5.95,6,
Michael Soroka,19,ATL,NL,6,13,4,0.765,2.68,29,29,0,0,0,0,174.2,153,56,52,14,41,1,142,7,0,3,701,171,3.45,1.111,7.9,0.7,2.1,7.3,3.46,6,
Kevin Gausman,21,SFG,NL,5.2,14,6,0.7,2.81,33,33,0,0,0,0,192,150,66,60,20,50,1,227,4,0,7,775,147,3,1.042,7,0.9,2.3,10.6,4.54,6,
Carlos Rodón*,22,SFG,NL,5.2,14,8,0.636,2.88,31,31,0,1,0,0,178,131,59,57,12,52,0,237,3,0,10,710,137,2.25,1.028,6.6,0.6,2.6,12,4.56,6,
Zack Wheeler,23,PHI,NL,4.2,13,6,0.684,3.61,32,32,0,0,0,0,192,168,82,77,20,39,0,212,9,0,1,787,119,3.15,1.078,7.9,0.9,1.8,9.9,5.44,6,
Logan Webb,24,SFG,NL,3.6,13,10,0.565,3.47,33,33,0,1,1,0,204.2,202,83,79,11,50,3,172,2,1,4,841,110,2.95,1.231,8.9,0.5,2.2,7.6,3.44,6,
Lance Lynn,19,TEX,AL,7.7,16,11,0.593,3.67,33,33,0,0,0,0,208.1,195,89,85,21,59,0,246,8,0,18,875,141,3.13,1.219,8.4,0.9,2.5,10.6,4.17,5,
Carlos Rodón*,21,CHW,AL,5.1,13,5,0.722,2.37,24,24,0,1,1,0,132.2,91,39,35,13,36,1,185,8,0,7,534,185,2.65,0.957,6.2,0.9,2.4,12.6,5.14,5,
Corbin Burnes,24,BAL,AL,3.5,15,9,0.625,2.92,32,32,0,0,0,0,194.1,165,76,63,22,48,0,181,2,3,7,784,128,3.55,1.096,7.6,1,2.2,8.4,3.77,5,
Framber Valdez*,22,HOU,AL,3.4,17,6,0.739,2.82,31,31,0,3,1,0,201.1,166,71,63,11,67,0,194,11,1,11,827,135,3.06,1.157,7.4,0.5,3,8.7,2.9,5,
Luis Castillo,23,SEA,AL,3.2,14,9,0.609,3.34,33,33,0,0,0,0,197,160,81,73,28,56,0,219,5,0,3,802,118,3.81,1.096,7.3,1.3,2.6,10,3.91,5,
Stephen Strasburg,19,WSN,NL,5.7,18,6,0.75,3.32,33,33,0,0,0,0,209,161,79,77,24,56,4,251,10,0,8,841,135,3.25,1.038,6.9,1,2.4,10.8,4.48,5,
Zac Gallen,22,ARI,NL,5.3,12,4,0.75,2.54,31,31,0,0,0,0,184,121,56,52,15,47,0,192,12,0,5,714,158,3.05,0.913,5.9,0.7,2.3,9.4,4.09,5,
Brandon Woodruff,21,MIL,NL,5.3,9,10,0.474,2.56,30,30,0,0,0,0,179.1,130,54,51,18,43,0,211,7,0,2,708,161,2.96,0.965,6.5,0.9,2.2,10.6,4.91,5,
Justin Steele*,23,CHC,NL,3.2,16,5,0.762,3.06,30,30,0,0,0,0,173.1,167,71,59,14,36,0,176,7,1,9,716,139,3.02,1.171,8.7,0.7,1.9,9.1,4.89,5,
Shota Imanaga*,24,CHC,NL,3,15,3,0.833,2.91,29,29,0,0,0,0,173.1,149,66,56,27,28,0,174,3,0,3,694,138,3.72,1.021,7.7,1.4,1.5,9,6.21,5,
Shohei Ohtani,22,LAA,AL,6.2,15,9,0.625,2.33,28,28,0,0,0,0,166,124,45,43,14,44,0,219,2,0,14,660,172,2.4,1.012,6.7,0.8,2.4,11.9,4.98,4,
Cole Ragans*,24,KCR,AL,5,11,9,0.55,3.14,32,32,0,1,0,0,186.1,146,71,65,15,67,1,223,6,0,11,762,133,2.99,1.143,7.1,0.7,3.2,10.8,3.33,4,
Kyle Bradish,23,BAL,AL,4.8,12,7,0.632,2.83,30,30,0,0,0,0,168.2,132,54,53,14,44,0,168,8,0,9,671,144,3.27,1.043,7,0.7,2.3,9,3.82,4,
Shane Bieber,19,CLE,AL,4.8,15,8,0.652,3.28,34,33,1,3,2,0,214.1,186,86,78,31,40,1,259,6,1,6,859,144,3.32,1.054,7.8,1.3,1.7,10.9,6.48,4,
Nathan Eovaldi,21,BOS,AL,4.3,11,9,0.55,3.75,32,32,0,0,0,0,182.1,182,81,76,15,35,2,195,7,0,6,764,125,2.79,1.19,9,0.7,1.7,9.6,5.57,4,
Walker Buehler,21,LAD,NL,7.1,16,4,0.8,2.47,33,33,0,0,0,0,207.2,149,61,57,19,52,2,212,6,0,5,815,171,3.16,0.968,6.5,0.8,2.3,9.2,4.08,4,
Jack Flaherty,19,STL,NL,5.7,11,8,0.579,2.75,33,33,0,0,0,0,196.1,135,62,60,25,55,2,231,7,0,6,772,152,3.46,0.968,6.2,1.1,2.5,10.6,4.2,4,
Aaron Nola,22,PHI,NL,5.7,11,13,0.458,3.25,32,32,0,2,1,0,205,168,75,74,19,29,1,235,9,0,2,807,123,2.58,0.961,7.4,0.8,1.3,10.3,8.1,4,
Dylan Cease,24,SDP,NL,4.1,14,11,0.56,3.47,33,33,0,1,1,0,189.1,137,80,73,18,65,0,224,2,0,12,762,117,3.1,1.067,6.5,0.9,3.1,10.6,3.45,4,
Spencer Strider,23,ATL,NL,3,20,5,0.8,3.86,32,32,0,0,0,0,186.2,146,85,80,22,58,1,281,9,2,6,763,113,2.85,1.093,7,1.1,2.8,13.5,4.84,4,
Alek Manoah,22,TOR,AL,6,16,7,0.696,2.24,31,31,0,0,0,0,196.2,144,55,49,16,51,0,180,15,0,5,786,172,3.35,0.992,6.6,0.7,2.3,8.2,3.53,3,
Lance Lynn,21,CHW,AL,5.4,11,6,0.647,2.69,28,28,0,1,1,0,157,123,52,47,18,45,2,176,2,0,5,641,163,3.32,1.07,7.1,1,2.6,10.1,3.91,3,
Charlie Morton,19,TBR,AL,4.9,16,6,0.727,3.05,33,33,0,0,0,0,194.2,154,71,66,15,57,0,240,12,1,5,790,144,2.81,1.084,7.1,0.7,2.6,11.1,4.21,3,
Kevin Gausman,23,TOR,AL,3.5,12,9,0.571,3.16,31,31,0,0,0,0,185,163,72,65,19,55,0,237,3,2,3,763,136,2.97,1.178,7.9,0.9,2.7,11.5,4.31,3,
Max Scherzer,21,2TM,NL,6.1,15,4,0.789,2.46,30,30,0,1,0,0,179.1,119,53,49,23,36,0,236,10,0,2,693,167,2.97,0.864,6,1.2,1.8,11.8,6.56,3,
Paul Skenes,24,PIT,NL,5.9,11,3,0.786,1.96,23,23,0,0,0,0,133,94,31,29,10,32,0,170,6,1,2,514,214,2.44,0.947,6.4,0.7,2.2,11.5,5.31,3,
Max Scherzer,19,WSN,NL,5.3,11,7,0.611,2.92,27,27,0,0,0,0,172.1,144,59,56,18,33,2,243,7,0,0,693,154,2.45,1.027,7.5,0.9,1.7,12.7,7.36,3,
Julio Urías*,22,LAD,NL,4.6,17,7,0.708,2.16,31,31,0,0,0,0,175,127,51,42,23,41,0,166,5,1,0,689,186,3.71,0.96,6.5,1.2,2.1,8.5,4.05,3,
Zac Gallen,23,ARI,NL,4.4,17,9,0.654,3.47,34,34,0,1,1,0,210,188,87,81,22,47,0,220,5,1,8,846,126,3.26,1.119,8.1,0.9,2,9.4,4.68,3,
Gerrit Cole,19,HOU,AL,6.7,20,5,0.8,2.5,33,33,0,0,0,0,212.1,142,66,59,29,48,0,326,3,3,4,817,185,2.64,0.895,6,1.2,2,13.8,6.79,2,
Dylan Cease,22,CHW,AL,6.4,14,8,0.636,2.2,32,32,0,1,1,0,184,126,55,45,16,78,2,227,3,1,7,747,180,3.1,1.109,6.2,0.8,3.8,11.1,2.91,2,
Gerrit Cole,21,NYY,AL,5.7,16,8,0.667,3.23,30,30,0,2,1,0,181.1,151,69,65,24,41,0,243,2,1,5,726,133,2.92,1.059,7.5,1.2,2,12.1,5.93,2,
Sonny Gray,23,MIN,AL,5.6,8,8,0.5,2.79,32,32,0,0,0,0,184,156,59,57,8,55,0,183,6,1,6,754,157,2.83,1.147,7.6,0.4,2.7,9,3.33,2,
Seth Lugo,24,KCR,AL,5.4,16,9,0.64,3,33,33,0,1,0,0,206.2,177,75,69,16,48,1,181,9,0,4,836,139,3.25,1.089,7.7,0.7,2.1,7.9,3.77,2,
Zack Wheeler,21,PHI,NL,7.5,14,10,0.583,2.78,32,32,0,3,2,0,213.1,169,72,66,16,46,1,247,8,0,6,849,150,2.59,1.008,7.1,0.7,1.9,10.4,5.37,2,
Zack Wheeler,24,PHI,NL,6.1,16,7,0.696,2.57,32,32,0,0,0,0,200,139,62,57,20,52,0,224,8,0,8,787,160,3.13,0.955,6.3,0.9,2.3,10.1,4.31,2,
Max Fried*,22,ATL,NL,6,14,7,0.667,2.48,30,30,0,0,0,0,185.1,156,55,51,12,32,2,170,4,0,9,733,166,2.7,1.014,7.6,0.6,1.6,8.3,5.31,2,
Logan Webb,23,SFG,NL,5.6,11,13,0.458,3.25,33,33,0,2,1,0,216,201,83,78,20,31,0,194,5,0,1,850,128,3.16,1.074,8.4,0.8,1.3,8.1,6.26,2,
Hyun Jin Ryu*,19,LAD,NL,5.1,14,5,0.737,2.32,29,29,0,1,1,0,182.2,160,53,47,17,24,2,163,4,0,0,723,179,3.1,1.007,7.9,0.8,1.2,8,6.79,2,
Justin Verlander,19,HOU,AL,7.4,21,6,0.778,2.58,34,34,0,2,1,0,223,137,66,64,36,42,0,300,6,0,4,847,179,3.27,0.803,5.5,1.5,1.7,12.1,7.14,1,
Gerrit Cole,23,NYY,AL,7.4,15,4,0.789,2.63,33,33,0,2,2,0,209,157,64,61,20,48,0,222,7,1,4,821,165,3.16,0.981,6.8,0.9,2.1,9.6,4.63,1,
Robbie Ray*,21,TOR,AL,6.9,13,7,0.65,2.84,32,32,0,0,0,0,193.1,150,62,61,33,52,0,248,4,0,5,773,157,3.69,1.045,7,1.5,2.4,11.5,4.77,1,
Tarik Skubal*,24,DET,AL,6.4,18,4,0.818,2.39,31,31,0,0,0,0,192,142,54,51,15,35,0,228,9,0,2,753,170,2.49,0.922,6.7,0.7,1.6,10.7,6.51,1,
Justin Verlander,22,HOU,AL,5.6,18,4,0.818,1.75,28,28,0,0,0,0,175,116,43,34,12,29,0,185,6,0,3,666,218,2.49,0.829,6,0.6,1.5,9.5,6.38,1,
Sandy Alcantara,22,MIA,NL,8,14,9,0.609,2.28,32,32,0,6,1,0,228.2,174,67,58,16,50,1,207,9,0,3,886,180,2.99,0.98,6.8,0.6,2,8.1,4.14,1,
Jacob deGrom,19,NYM,NL,7.2,11,8,0.579,2.43,32,32,0,0,0,0,204,154,59,55,19,44,1,255,7,0,2,804,169,2.67,0.971,6.8,0.8,1.9,11.3,5.8,1,
Blake Snell*,23,SDP,NL,6.5,14,9,0.609,2.25,32,32,0,0,0,0,180,115,47,45,15,99,0,234,3,2,13,742,187,3.44,1.189,5.8,0.8,5,11.7,2.36,1,
Chris Sale*,24,ATL,NL,6.2,18,3,0.857,2.38,29,29,0,0,0,0,177.2,141,48,47,9,39,0,225,8,1,4,702,174,2.09,1.013,7.1,0.5,2,11.4,5.77,1,
Corbin Burnes,21,MIL,NL,5.3,11,5,0.688,2.43,28,28,0,0,0,0,167,123,47,45,7,34,0,234,6,0,5,657,170,1.63,0.94,6.6,0.4,1.8,12.6,6.88,1,
Reynaldo López,24,ATL,NL,5.1,8,5,0.615,1.99,26,25,0,0,0,0,135.2,108,32,30,10,42,0,148,2,1,2,543,208,2.92,1.106,7.2,0.7,2.8,9.8,3.52,1,
Martín Pérez*,22,TEX,AL,5.1,12,8,0.6,2.89,32,32,0,1,1,0,196.1,178,70,63,11,69,0,169,6,2,6,821,137,3.26,1.258,8.2,0.5,3.2,7.7,2.45,0,
Erick Fedde,24,CHW,AL,4.6,7,4,0.636,3.11,21,21,0,0,0,0,121.2,105,43,42,14,34,0,108,2,1,2,502,132,3.77,1.142,7.8,1,2.5,8,3.18,0,
Brady Singer,22,KCR,AL,4.5,10,5,0.667,3.23,27,24,2,0,0,0,153.1,140,58,55,18,35,0,150,11,1,3,621,127,3.58,1.141,8.2,1.1,2.1,8.8,4.29,0,
Ronel Blanco,24,HOU,AL,4.4,13,6,0.684,2.8,30,29,1,1,1,0,167.1,114,56,52,22,68,0,166,2,0,3,676,143,4.15,1.088,6.1,1.2,3.7,8.9,2.44,0,
John Means*,19,BAL,AL,4.4,12,11,0.522,3.6,31,27,1,0,0,0,155,138,68,62,23,38,0,121,5,0,5,637,131,4.41,1.135,8,1.3,2.2,7,3.18,0,
Mike Clevinger,19,CLE,AL,4.2,13,4,0.765,2.71,21,21,0,0,0,0,126,96,38,38,10,37,0,169,2,0,0,499,174,2.49,1.056,6.9,0.7,2.6,12.1,4.57,0,
Shohei Ohtani,21,LAA,AL,4.1,9,2,0.818,3.18,23,23,0,0,0,0,130.1,98,48,46,15,44,2,156,10,2,10,533,141,3.52,1.09,6.8,1,3,10.8,3.55,0,
Garrett Crochet*,24,CHW,AL,4.1,6,12,0.333,3.58,32,32,0,0,0,0,146,123,61,58,18,33,0,209,5,1,3,595,115,2.69,1.068,7.6,1.1,2,12.9,6.33,0,
Triston McKenzie,22,CLE,AL,3.9,11,11,0.5,2.96,31,30,1,0,0,0,191.1,138,65,63,25,44,0,190,5,0,8,741,127,3.59,0.951,6.5,1.2,2.1,8.9,4.32,0,
Tanner Bibee,23,CLE,AL,3.9,10,4,0.714,2.98,25,25,0,0,0,0,142,122,49,47,13,45,0,141,5,2,7,585,143,3.52,1.176,7.7,0.8,2.9,8.9,3.13,0,
Shohei Ohtani,23,LAA,AL,3.9,10,5,0.667,3.14,23,23,0,1,1,0,132,85,50,46,18,55,0,167,11,0,12,531,142,4,1.061,5.8,1.2,3.8,11.4,3.04,0,
Jeffrey Springs*,22,TBR,AL,3.8,9,5,0.643,2.46,33,25,0,0,0,0,135.1,114,42,37,14,31,0,144,1,1,1,549,149,3.04,1.071,7.6,0.9,2.1,9.6,4.65,0,
Jake Odorizzi,19,MIN,AL,3.8,15,7,0.682,3.51,30,30,0,0,0,0,159,139,65,62,16,53,0,178,4,0,4,658,129,3.36,1.208,7.9,0.9,3,10.1,3.36,0,
Matthew Boyd*,19,DET,AL,3.8,9,12,0.429,4.56,32,32,0,0,0,0,185.1,178,101,94,39,50,1,238,8,4,6,788,104,4.32,1.23,8.6,1.9,2.4,11.6,4.76,0,
Cal Quantrill,21,CLE,AL,3.7,8,3,0.727,2.89,40,22,2,0,0,0,149.2,129,55,48,16,47,0,121,9,0,3,616,149,4.07,1.176,7.8,1,2.8,7.3,2.57,0,
Cristian Javier,22,HOU,AL,3.6,11,9,0.55,2.54,30,25,0,0,0,0,148.2,89,44,42,17,52,0,194,6,1,5,585,150,3.16,0.948,5.4,1,3.1,11.7,3.73,0,
John Means*,21,BAL,AL,3.6,6,9,0.4,3.62,26,26,0,1,1,0,146.2,125,64,59,30,26,0,134,4,0,3,590,123,4.62,1.03,7.7,1.8,1.6,8.2,5.15,0,
José Berríos,19,MIN,AL,3.6,14,8,0.636,3.68,32,32,0,1,0,0,200.1,194,94,82,26,51,0,195,9,1,8,842,123,3.85,1.223,8.7,1.2,2.3,8.8,3.82,0,
Tanner Houck,24,BOS,AL,3.5,9,10,0.474,3.12,30,30,0,1,1,0,178.2,156,75,62,11,48,1,154,16,0,2,743,137,3.32,1.142,7.9,0.6,2.4,7.8,3.21,0,
Johnny Cueto,22,CHW,AL,3.5,8,10,0.444,3.35,25,24,0,1,0,0,158.1,161,66,59,15,33,2,102,6,1,2,651,118,3.79,1.225,9.2,0.9,1.9,5.8,3.09,0,
Bryce Miller,24,SEA,AL,3.4,12,8,0.6,2.94,31,31,0,0,0,0,180.1,131,62,59,21,45,1,171,3,0,2,704,126,3.58,0.976,6.5,1,2.2,8.5,3.8,0,
Michael Wacha,24,KCR,AL,3.4,13,8,0.619,3.35,29,29,0,0,0,0,166.2,154,65,62,17,45,1,145,5,0,3,685,125,3.65,1.194,8.3,0.9,2.4,7.8,3.22,0,
Chris Flexen,21,SEA,AL,3.4,14,6,0.7,3.61,31,31,0,0,0,0,179.2,185,74,72,19,40,0,125,4,0,2,741,114,3.89,1.252,9.3,1,2,6.3,3.13,0,
Casey Mize,21,DET,AL,3.4,7,9,0.438,3.71,30,30,0,1,0,0,150.1,130,64,62,24,41,0,118,11,0,7,612,114,4.71,1.137,7.8,1.4,2.5,7.1,2.88,0,
Mike Fiers,19,OAK,AL,3.4,15,4,0.789,3.9,33,33,0,1,1,0,184.2,166,82,80,30,53,0,126,9,1,13,754,110,4.97,1.186,8.1,1.5,2.6,6.1,2.38,0,
Michael King,23,NYY,AL,3.3,4,8,0.333,2.75,49,9,10,0,0,6,104.2,88,35,32,10,32,1,127,5,1,2,431,158,3.13,1.146,7.6,0.9,2.8,10.9,3.97,0,
Patrick Sandoval*,22,LAA,AL,3.3,6,9,0.4,2.91,27,27,0,1,1,0,148.2,139,56,48,8,60,0,151,5,0,6,638,138,3.09,1.339,8.4,0.5,3.6,9.1,2.52,0,
Michael Wacha,22,BOS,AL,3.3,11,2,0.846,3.32,23,23,0,1,1,0,127.1,111,49,47,18,31,0,104,4,0,4,515,127,4.14,1.115,7.8,1.3,2.2,7.4,3.35,0,
Jordan Montgomery*,21,NYY,AL,3.3,6,7,0.462,3.83,30,30,0,0,0,0,157.1,150,73,67,19,51,0,162,2,1,12,661,112,3.69,1.278,8.6,1.1,2.9,9.3,3.18,0,
Kyle Gibson,21,TEX,AL,3.2,6,3,0.667,2.87,19,19,0,0,0,0,113,92,38,36,9,41,0,94,5,0,2,460,154,3.76,1.177,7.3,0.7,3.3,7.5,2.29,0,
Logan Gilbert,22,SEA,AL,3.2,13,6,0.684,3.2,32,32,0,0,0,0,185.2,170,71,66,19,49,2,174,6,0,5,766,116,3.46,1.18,8.2,0.9,2.4,8.4,3.55,0,
Eduardo Rodríguez*,23,DET,AL,3.2,13,9,0.591,3.3,26,26,0,0,0,0,152.2,128,59,56,15,48,0,143,3,0,3,621,131,3.66,1.153,7.5,0.9,2.8,8.4,2.98,0,
Mike Clevinger,23,CHW,AL,3.2,9,9,0.5,3.77,24,24,0,2,0,0,131.1,121,56,55,16,40,0,110,9,0,6,549,117,4.28,1.226,8.3,1.1,2.7,7.5,2.75,0,
Sean Manaea*,21,OAK,AL,3.2,11,10,0.524,3.91,32,32,0,2,2,0,179.1,179,79,78,25,41,0,194,9,1,5,754,105,3.66,1.227,9,1.3,2.1,9.7,4.73,0,
Tyler Holton*,24,DET,AL,3.1,7,2,0.778,2.19,66,9,14,0,0,8,94.1,57,25,23,7,17,1,77,4,0,0,354,186,3.17,0.784,5.4,0.7,1.6,7.3,4.53,0,
Drew Rasmussen,22,TBR,AL,3.1,11,7,0.611,2.84,28,28,0,0,0,0,146,121,51,46,13,31,0,125,3,0,10,584,129,3.26,1.041,7.5,0.8,1.9,7.7,4.03,0,
Bailey Ober,23,MIN,AL,3.1,8,6,0.571,3.43,26,26,0,0,0,0,144.1,125,58,55,22,29,0,146,7,0,1,577,128,3.96,1.067,7.8,1.4,1.8,9.1,5.03,0,
Brady Singer,24,KCR,AL,3.1,9,13,0.409,3.71,32,32,0,0,0,0,179.2,175,77,74,22,54,0,170,10,0,2,762,113,3.93,1.275,8.8,1.1,2.7,8.5,3.15,0,
Brayan Bello,23,BOS,AL,3.1,12,11,0.522,4.24,28,28,0,0,0,0,157,165,77,74,24,45,0,132,6,0,1,668,107,4.54,1.338,9.5,1.4,2.6,7.6,2.93,0,
Daniel Norris*,19,DET,AL,3.1,3,13,0.188,4.49,32,29,0,0,0,0,144.1,154,75,72,25,38,0,125,4,0,5,610,106,4.61,1.33,9.6,1.6,2.4,7.8,3.29,0,
Luis Gil,24,NYY,AL,3,15,7,0.682,3.5,29,29,0,0,0,0,151.2,104,60,59,18,77,0,171,8,2,6,637,116,4.14,1.193,6.2,1.1,4.6,10.1,2.22,0,
Tyler Anderson*,24,LAA,AL,3,10,15,0.4,3.81,31,31,0,0,0,0,179.1,158,83,76,24,73,2,142,7,1,3,765,111,4.66,1.288,7.9,1.2,3.7,7.1,1.95,0,
Dylan Cease,21,CHW,AL,3,13,7,0.65,3.91,32,32,0,1,1,0,165.2,139,77,72,20,68,0,226,9,2,13,708,112,3.41,1.249,7.6,1.1,3.7,12.3,3.32,0,
Marco Gonzales*,19,SEA,AL,3,16,13,0.552,3.99,34,34,0,0,0,0,203,210,106,90,23,56,1,147,6,1,2,866,109,4.15,1.31,9.3,1,2.5,6.5,2.63,0,
Brad Keller,19,KCR,AL,3,7,14,0.333,4.19,28,28,0,0,0,0,165.1,154,80,77,15,70,2,122,9,1,9,709,114,4.35,1.355,8.4,0.8,3.8,6.6,1.74,0,
Marcus Stroman,19,TOR,AL,2.9,6,11,0.353,2.96,21,21,0,0,0,0,124.2,118,50,41,10,35,0,99,0,0,4,513,153,3.51,1.227,8.5,0.7,2.5,7.1,2.83,0,
Alek Manoah,21,TOR,AL,2.9,9,2,0.818,3.22,20,20,0,0,0,0,111.2,77,44,40,12,40,0,127,16,1,0,459,139,3.8,1.048,6.2,1,3.2,10.2,3.18,0,
Brett Anderson*,19,OAK,AL,2.9,13,9,0.591,3.89,31,31,0,0,0,0,176,181,80,76,20,49,2,90,4,0,4,743,111,4.57,1.307,9.3,1,2.5,4.6,1.84,0,
Bailey Ober,24,MIN,AL,2.9,12,9,0.571,3.98,31,31,0,1,0,0,178.2,136,81,79,27,43,0,191,6,0,1,709,105,3.82,1.002,6.9,1.4,2.2,9.6,4.44,0,
JP Sears*,23,OAK,AL,2.9,5,14,0.263,4.54,32,32,0,0,0,0,172.1,165,90,87,34,53,2,161,16,0,2,735,93,5.15,1.265,8.6,1.8,2.8,8.4,3.04,0,
Nestor Cortes*,21,NYY,AL,2.8,2,3,0.4,2.9,22,14,3,0,0,0,93,75,32,30,14,25,0,103,2,1,2,374,148,3.78,1.075,7.3,1.4,2.4,10,4.12,0,
Shane McClanahan*,23,TBR,AL,2.8,11,2,0.846,3.29,21,21,0,0,0,0,115,95,42,42,15,41,0,121,0,0,1,469,128,3.92,1.183,7.4,1.2,3.2,9.5,2.95,0,
Zack Littell,24,TBR,AL,2.8,8,10,0.444,3.63,29,29,0,0,0,0,156.1,164,68,63,22,31,0,141,5,0,0,656,110,3.88,1.247,9.4,1.3,1.8,8.1,4.55,0,
Nathan Eovaldi,23,TEX,AL,2.8,12,5,0.706,3.63,25,25,0,2,1,0,144,117,59,58,15,47,0,132,6,0,2,577,118,3.88,1.139,7.3,0.9,2.9,8.3,2.81,0,
Logan Gilbert,23,SEA,AL,2.8,13,7,0.65,3.73,32,32,0,1,1,0,190.2,169,82,79,29,36,1,189,2,0,6,770,106,3.85,1.075,8,1.4,1.7,8.9,5.25,0,
Ross Stripling,22,TOR,AL,2.7,10,4,0.714,3.01,32,24,2,0,0,1,134.1,117,49,45,12,20,0,111,2,0,0,536,128,3.11,1.02,7.8,0.8,1.3,7.4,5.55,0,
Dean Kremer,22,BAL,AL,2.7,8,7,0.533,3.23,22,21,0,1,1,0,125.1,123,48,45,11,34,0,87,5,0,5,512,121,3.8,1.253,8.8,0.8,2.4,6.2,2.56,0,
Michael Lorenzen,24,2TM,AL,2.7,7,6,0.538,3.31,26,24,1,0,0,0,130.1,101,49,48,17,60,0,97,6,0,3,536,120,4.89,1.235,7,1.2,4.1,6.7,1.62,0,
Tanner Bibee,24,CLE,AL,2.7,12,8,0.6,3.47,31,31,0,0,0,0,173.2,150,70,67,22,44,0,187,8,0,2,710,116,3.56,1.117,7.8,1.1,2.3,9.7,4.25,0,
Zach Eflin,24,2TM,AL,2.7,10,9,0.526,3.59,28,28,0,0,0,0,165.1,166,71,66,22,24,0,134,3,0,2,684,109,3.76,1.149,9,1.2,1.3,7.3,5.58,0,
Dane Dunning,23,TEX,AL,2.7,12,7,0.632,3.7,35,26,2,0,0,0,172.2,163,73,71,20,55,0,140,10,0,6,722,116,4.27,1.263,8.5,1,2.9,7.3,2.55,0,
Lucas Giolito,23,CHW,AL,2.7,6,6,0.5,3.79,21,21,0,0,0,0,121,106,55,51,20,42,0,131,6,0,2,507,117,4.43,1.223,7.9,1.5,3.1,9.7,3.12,0,
Frankie Montas,19,OAK,AL,2.6,9,2,0.818,2.63,16,16,0,0,0,0,96,84,35,28,8,23,1,103,4,0,5,394,164,3,1.115,7.9,0.8,2.2,9.7,4.48,0,
Shane Bieber,21,CLE,AL,2.6,7,4,0.636,3.17,16,16,0,0,0,0,96.2,84,36,34,11,33,0,134,4,0,5,405,136,3.03,1.21,7.8,1,3.1,12.5,4.06,0,
Aaron Civale,23,2TM,AL,2.6,7,5,0.583,3.46,23,23,0,0,0,0,122.1,109,47,47,12,33,0,116,5,0,5,504,123,3.57,1.161,8,0.9,2.4,8.5,3.52,0,
Luis Garcia,21,HOU,AL,2.6,11,8,0.579,3.48,30,28,1,0,0,0,155.1,133,62,60,19,50,1,167,3,1,9,633,123,3.63,1.178,7.7,1.1,2.9,9.7,3.34,0,
Hunter Brown,24,HOU,AL,2.6,11,9,0.55,3.49,31,30,0,0,0,0,170,156,71,66,18,60,0,179,5,1,4,712,114,3.58,1.271,8.3,1,3.2,9.5,2.98,0,
Nestor Cortes*,24,NYY,AL,2.6,9,10,0.474,3.77,31,30,1,0,0,0,174.1,162,74,73,24,39,0,162,4,1,2,710,108,3.84,1.153,8.4,1.2,2,8.4,4.15,0,
Michael Pineda,19,MIN,AL,2.6,11,5,0.688,4.01,26,26,0,0,0,0,146,141,68,65,23,28,1,140,5,0,8,600,113,4.02,1.158,8.7,1.4,1.7,8.6,5,0,
Framber Valdez*,21,HOU,AL,2.5,11,6,0.647,3.14,22,22,0,1,0,0,134.2,110,52,47,12,58,1,125,11,2,9,572,137,4.01,1.248,7.4,0.8,3.9,8.4,2.16,0,
José Berríos,23,TOR,AL,2.5,11,12,0.478,3.65,32,32,0,0,0,0,189.2,173,82,77,25,52,3,184,9,1,4,782,117,3.99,1.186,8.2,1.2,2.5,8.7,3.54,0,
Zack Greinke,22,KCR,AL,2.5,4,9,0.308,3.68,26,26,0,0,0,0,137,157,65,56,14,27,0,73,3,0,7,585,111,4.03,1.343,10.3,0.9,1.8,4.8,2.7,0,
Andrew Cashner,19,BAL,AL,2.5,9,3,0.75,3.83,17,17,0,0,0,0,96.1,86,45,41,11,29,0,66,1,0,4,400,123,4.26,1.194,8,1,2.7,6.2,2.28,0,
Kutter Crawford,23,BOS,AL,2.5,6,8,0.429,4.04,31,23,5,0,0,0,129.1,107,59,58,17,36,0,135,5,0,4,527,113,3.83,1.106,7.4,1.2,2.5,9.4,3.75,0,
Pablo López,24,MIN,AL,2.5,15,10,0.6,4.08,32,32,0,0,0,0,185.1,180,90,84,26,41,0,198,8,0,3,772,103,3.65,1.192,8.7,1.3,2,9.6,4.83,0,
Nick Pivetta,21,BOS,AL,2.5,9,8,0.529,4.53,31,30,1,0,0,1,155,137,80,78,24,65,2,175,5,0,9,661,103,4.28,1.303,8,1.4,3.8,10.2,2.69,0,
Nick Pivetta,22,BOS,AL,2.5,10,12,0.455,4.56,33,33,0,1,0,0,179.2,175,91,91,27,73,0,175,5,1,10,773,92,4.42,1.38,8.8,1.4,3.7,8.8,2.4,0,
Spencer Turnbull,19,DET,AL,2.5,3,17,0.15,4.61,30,30,0,0,0,0,148.1,154,86,76,14,59,1,146,16,0,9,656,103,3.99,1.436,9.3,0.8,3.6,8.9,2.47,0,
Jack Flaherty,24,DET,AL,2.4,7,5,0.583,2.95,18,18,0,0,0,0,106.2,83,38,35,15,19,0,133,3,0,4,415,138,3.12,0.956,7,1.3,1.6,11.2,7,0,
Sonny Gray,22,MIN,AL,2.4,8,5,0.615,3.08,24,24,0,0,0,0,119.2,99,44,41,11,36,0,117,6,0,3,488,126,3.4,1.128,7.4,0.8,2.7,8.8,3.25,0,
Cole Ragans*,23,2TM,AL,2.4,7,5,0.583,3.47,29,12,1,0,0,0,96,70,40,37,7,41,1,113,2,0,6,392,128,3.19,1.156,6.6,0.7,3.8,10.6,2.76,0,
Joe Ryan,22,MIN,AL,2.4,13,8,0.619,3.55,27,27,0,0,0,0,147,115,60,58,20,47,0,151,10,0,2,604,110,3.99,1.102,7,1.2,2.9,9.2,3.21,0,
Reid Detmers*,22,LAA,AL,2.4,7,6,0.538,3.77,25,25,0,1,1,0,129,110,56,54,13,46,1,122,8,0,2,539,106,3.79,1.209,7.7,0.9,3.2,8.5,2.65,0,
James Paxton*,19,NYY,AL,2.4,15,6,0.714,3.82,29,29,0,0,0,0,150.2,138,71,64,23,55,0,186,2,1,7,633,116,3.86,1.281,8.2,1.4,3.3,11.1,3.38,0,
Bryan Woo,24,SEA,AL,2.3,9,3,0.75,2.89,22,22,0,0,0,0,121.1,96,41,39,14,13,0,101,3,0,0,472,128,3.4,0.898,7.1,1,1,7.5,7.77,0,
Michael Kopech,22,CHW,AL,2.3,5,9,0.357,3.54,25,25,0,0,0,0,119.1,85,53,47,15,57,0,105,3,2,2,494,112,4.49,1.19,6.4,1.1,4.3,7.9,1.84,0,
José Berríos,24,TOR,AL,2.3,16,11,0.593,3.6,32,32,0,1,0,0,192.1,168,79,77,31,54,1,153,13,0,1,786,113,4.72,1.154,7.9,1.5,2.5,7.2,2.83,0,
Joe Ryan,24,MIN,AL,2.3,7,7,0.5,3.6,23,23,0,0,0,0,135,110,59,54,19,23,0,147,5,1,2,538,116,3.44,0.985,7.3,1.3,1.5,9.8,6.39,0,
Nick Pivetta,23,BOS,AL,2.3,10,9,0.526,4.04,38,16,3,0,0,1,142.2,110,69,64,23,50,1,183,6,1,5,587,113,3.96,1.121,6.9,1.5,3.2,11.5,3.66,0,
Jameson Taillon,21,NYY,AL,2.3,8,6,0.571,4.3,29,29,0,0,0,0,144.1,130,73,69,24,44,1,140,6,0,4,603,100,4.43,1.206,8.1,1.5,2.7,8.7,3.18,0,
Albert Suárez,24,BAL,AL,2.2,9,7,0.563,3.7,32,24,1,0,0,0,133.2,130,56,55,17,43,1,108,3,1,2,565,101,4.24,1.294,8.8,1.1,2.9,7.3,2.51,0,
Nathan Eovaldi,24,TEX,AL,2.2,12,8,0.6,3.8,29,29,0,0,0,0,170.2,147,74,72,23,42,0,166,7,0,3,696,103,3.83,1.107,7.8,1.2,2.2,8.8,3.95,0,
Steven Matz*,21,TOR,AL,2.2,14,7,0.667,3.82,29,29,0,0,0,0,150.2,158,70,64,18,43,0,144,6,1,5,647,117,3.79,1.334,9.4,1.1,2.6,8.6,3.35,0,
Danny Duffy*,19,KCR,AL,2.2,7,6,0.538,4.34,23,23,0,0,0,0,130.2,125,69,63,21,46,0,115,8,0,4,555,110,4.78,1.309,8.6,1.4,3.2,7.9,2.5,0,
JP Sears*,24,OAK,AL,2.2,11,13,0.458,4.38,32,32,0,0,0,0,180.2,172,93,88,28,49,0,137,14,1,0,758,90,4.71,1.223,8.6,1.4,2.4,6.8,2.8,0,
Reid Detmers*,23,LAA,AL,2.2,4,10,0.286,4.48,28,28,0,0,0,0,148.2,141,81,74,19,60,2,168,13,0,7,644,100,4.13,1.352,8.5,1.2,3.6,10.2,2.8,0,
Homer Bailey,19,2TM,AL,2.2,13,9,0.591,4.57,31,31,0,0,0,0,163.1,162,84,83,21,53,1,149,4,1,4,696,100,4.11,1.316,8.9,1.2,2.9,8.2,2.81,0,
Dylan Cease,23,CHW,AL,2.2,7,9,0.438,4.58,33,33,0,0,0,0,177,172,98,90,19,79,3,214,9,0,14,784,97,3.72,1.418,8.7,1,4,10.9,2.71,0,
Andrew Cashner,19,2TM,AL,2.2,11,8,0.579,4.68,42,23,3,0,0,1,150,144,84,78,19,58,0,108,4,0,8,636,102,4.66,1.347,8.6,1.1,3.5,6.5,1.86,0,
Wily Peralta,21,DET,AL,2.1,4,5,0.444,3.07,19,18,0,0,0,0,93.2,87,41,32,12,38,0,58,4,0,1,402,138,4.94,1.335,8.4,1.2,3.7,5.6,1.53,0,
Tyler Glasnow,23,TBR,AL,2.1,10,7,0.588,3.53,21,21,0,0,0,0,120,93,52,47,13,37,0,162,1,0,11,485,119,2.91,1.083,7,1,2.8,12.2,4.38,0,
Ryan Pepiot,24,TBR,AL,2.1,8,8,0.5,3.6,26,26,0,0,0,0,130,102,58,52,17,48,0,142,7,0,4,539,111,3.95,1.154,7.1,1.2,3.3,9.8,2.96,0,
Robbie Ray*,22,SEA,AL,2.1,12,12,0.5,3.71,32,32,0,0,0,0,189,163,80,78,32,62,0,212,7,0,5,775,100,4.16,1.19,7.8,1.5,3,10.1,3.42,0,
Chris Bassitt,19,OAK,AL,2.1,10,5,0.667,3.81,28,25,2,0,0,0,144,125,66,61,21,47,0,141,13,0,3,612,113,4.4,1.194,7.8,1.3,2.9,8.8,3,0,
Aaron Civale,21,CLE,AL,2.1,12,5,0.706,3.84,21,21,0,0,0,0,124.1,108,56,53,23,31,0,99,4,1,3,498,112,4.83,1.118,7.8,1.7,2.2,7.2,3.19,0,
Yonny Chirinos,19,TBR,AL,2.1,9,5,0.643,3.85,26,18,0,0,0,0,133.1,112,61,57,23,28,1,114,3,3,4,530,114,4.44,1.05,7.6,1.6,1.9,7.7,4.07,0,
Marco Gonzales*,21,SEA,AL,2.1,10,6,0.625,3.96,25,25,0,1,0,0,143.1,125,64,63,29,42,3,108,5,0,1,585,104,5.28,1.165,7.8,1.8,2.6,6.8,2.57,0,
Domingo Germán,19,NYY,AL,2.1,18,4,0.818,4.03,27,24,0,0,0,0,143,125,69,64,30,39,0,153,5,0,5,594,110,4.72,1.147,7.9,1.9,2.5,9.6,3.92,0,
Chris Sale*,19,BOS,AL,2.1,6,11,0.353,4.4,25,25,0,1,1,0,147.1,123,80,72,24,37,0,218,13,0,2,612,110,3.39,1.086,7.5,1.5,2.3,13.3,5.89,0,
Dylan Bundy,19,BAL,AL,2.1,7,14,0.333,4.79,30,30,0,0,0,0,161.2,161,95,86,29,58,0,162,6,1,7,700,99,4.73,1.355,9,1.6,3.2,9,2.79,0,
George Kirby,24,SEA,AL,2,14,11,0.56,3.53,33,33,0,0,0,0,191,181,82,75,22,23,0,179,7,1,5,778,105,3.26,1.068,8.5,1,1.1,8.4,7.78,0,
Michael Lorenzen,23,DET,AL,2,5,7,0.417,3.58,18,18,0,0,0,0,105.2,89,44,42,11,27,0,83,2,1,4,418,121,3.86,1.098,7.6,0.9,2.3,7.1,3.07,0,
José Urquidy,21,HOU,AL,2,8,3,0.727,3.62,20,20,0,0,0,0,107,87,43,43,17,19,0,90,2,0,2,423,119,4.14,0.991,7.3,1.4,1.6,7.6,4.74,0,
Tyler Alexander*,21,DET,AL,2,2,4,0.333,3.81,41,15,7,0,0,0,106.1,106,47,45,16,28,0,87,4,0,2,451,112,4.39,1.26,9,1.4,2.4,7.4,3.11,0,
Carlos Rodón*,24,NYY,AL,2,16,9,0.64,3.96,32,32,0,0,0,0,175,157,81,77,31,57,0,195,10,2,3,736,103,4.39,1.223,8.1,1.6,2.9,10,3.42,0,
Cole Irvin*,22,OAK,AL,2,9,13,0.409,3.98,30,30,0,0,0,0,181,174,87,80,25,36,3,128,7,0,3,741,93,4.21,1.16,8.7,1.2,1.8,6.4,3.56,0,
Simeon Woods Richardson,24,MIN,AL,2,5,5,0.5,4.17,28,28,0,0,0,0,133.2,125,63,62,16,48,0,117,3,0,3,569,100,4.12,1.294,8.4,1.1,3.2,7.9,2.44,0,
Griffin Canning,23,LAA,AL,2,7,8,0.467,4.32,24,22,0,0,0,0,127,121,62,61,22,36,1,139,5,0,4,536,103,4.29,1.236,8.6,1.6,2.6,9.9,3.86,0,
Hyun Jin Ryu*,21,TOR,AL,2,14,10,0.583,4.37,31,31,0,1,1,0,169,170,85,82,24,37,0,143,2,0,2,701,102,4.02,1.225,9.1,1.3,2,7.6,3.86,0,
Gerrit Cole,24,NYY,AL,1.9,8,5,0.615,3.41,17,17,0,0,0,0,95,78,38,36,11,29,1,99,6,0,0,390,120,3.69,1.126,7.4,1,2.7,9.4,3.41,0,
José Soriano,24,LAA,AL,1.9,6,7,0.462,3.42,22,20,1,0,0,0,113,91,50,43,8,45,1,97,9,0,7,468,124,3.8,1.204,7.2,0.6,3.6,7.7,2.16,0,
José Berríos,21,MIN,AL,1.9,7,5,0.583,3.48,20,20,0,1,0,0,121.2,95,53,47,14,32,0,126,8,0,3,490,122,3.58,1.044,7,1,2.4,9.3,3.94,0,
Shane Bieber,23,CLE,AL,1.9,6,6,0.5,3.8,21,21,0,1,0,0,128,124,56,54,14,34,0,107,3,1,8,533,112,3.87,1.234,8.7,1,2.4,7.5,3.15,0,
Zach Plesac,19,CLE,AL,1.9,8,6,0.571,3.81,21,21,0,1,1,0,115.2,102,52,49,19,40,0,88,3,0,1,475,124,4.94,1.228,7.9,1.5,3.1,6.8,2.2,0,
Kutter Crawford,24,BOS,AL,1.9,9,16,0.36,4.36,33,33,0,0,0,0,183.2,155,97,89,34,51,0,175,9,0,4,759,98,4.65,1.122,7.6,1.7,2.5,8.6,3.43,0,
Masahiro Tanaka,19,NYY,AL,1.9,11,9,0.55,4.45,32,31,0,1,1,0,182,186,95,90,28,40,0,149,2,0,7,759,100,4.27,1.242,9.2,1.4,2,7.4,3.73,0,
Jonathan Cannon,24,CHW,AL,1.9,5,10,0.333,4.49,23,21,1,0,0,1,124.1,125,65,62,18,40,0,91,4,1,2,522,92,4.65,1.327,9,1.3,2.9,6.6,2.28,0,
Iván Nova,19,CHW,AL,1.9,11,12,0.478,4.72,34,34,0,2,0,0,187,225,107,98,30,47,1,114,9,0,7,806,97,4.98,1.455,10.8,1.4,2.3,5.5,2.43,0,
Cal Quantrill,22,CLE,AL,1.8,15,5,0.75,3.38,32,32,0,0,0,0,186.1,178,78,70,21,47,0,128,10,0,3,770,112,4.12,1.208,8.6,1,2.3,6.2,2.72,0,
Shane McClanahan*,21,TBR,AL,1.8,10,6,0.625,3.43,25,25,0,0,0,0,123.1,120,49,47,14,37,0,141,2,0,9,517,118,3.31,1.273,8.8,1,2.7,10.3,3.81,0,
Luis Castillo,24,SEA,AL,1.8,11,12,0.478,3.64,30,30,0,0,0,0,175.1,158,73,71,25,47,2,175,5,0,0,719,102,3.91,1.169,8.1,1.3,2.4,9,3.72,0,
José Suarez*,21,LAA,AL,1.8,8,8,0.5,3.75,23,14,2,1,0,0,98.1,85,45,41,11,36,1,85,4,1,4,413,119,4.12,1.231,7.8,1,3.3,7.8,2.36,0,
Trevor Bauer,19,CLE,AL,1.8,9,8,0.529,3.79,24,24,0,1,1,0,156.2,127,76,66,22,63,0,185,14,0,8,664,124,4.15,1.213,7.3,1.3,3.6,10.6,2.94,0,
Yusei Kikuchi*,23,TOR,AL,1.8,11,6,0.647,3.86,32,32,0,0,0,0,167.2,165,78,72,27,48,0,181,4,0,7,700,111,4.12,1.27,8.9,1.4,2.6,9.7,3.77,0,
Tarik Skubal*,21,DET,AL,1.8,8,12,0.4,4.34,31,29,1,0,0,0,149.1,141,76,72,35,47,0,164,6,0,4,634,98,5.09,1.259,8.5,2.1,2.8,9.9,3.49,0,
Luis Severino,22,NYY,AL,1.7,7,3,0.7,3.18,19,19,0,0,0,0,102,72,37,36,14,30,0,112,4,0,1,405,124,3.7,1,6.4,1.2,2.6,9.9,3.73,0,
Tyler Wells,23,BAL,AL,1.7,7,6,0.538,3.64,25,20,2,0,0,1,118.2,83,50,48,25,34,0,117,4,2,3,470,112,4.98,0.986,6.3,1.9,2.6,8.9,3.44,0,
Logan Allen*,23,CLE,AL,1.7,7,8,0.467,3.81,24,24,0,0,0,0,125.1,127,55,53,16,48,0,119,1,0,1,537,112,4.19,1.396,9.1,1.1,3.4,8.5,2.48,0,
Taj Bradley,24,TBR,AL,1.7,8,11,0.421,4.11,25,25,0,0,0,0,138,122,68,63,22,47,0,154,3,0,4,578,97,4.09,1.225,8,1.4,3.1,10,3.28,0,
Jon Gray,23,TEX,AL,1.7,9,8,0.529,4.12,29,29,0,1,0,0,157.1,149,75,72,22,54,1,142,9,0,4,656,104,4.47,1.29,8.5,1.3,3.1,8.1,2.63,0,
Nick Pivetta,24,BOS,AL,1.7,6,12,0.333,4.14,27,26,0,0,0,0,145.2,128,70,67,28,36,1,172,1,0,4,595,103,4.07,1.126,7.9,1.7,2.2,10.6,4.78,0,
Yusei Kikuchi*,21,SEA,AL,1.7,7,9,0.438,4.41,29,29,0,0,0,0,157,145,82,77,27,62,0,163,5,0,6,666,93,4.61,1.318,8.3,1.5,3.6,9.3,2.63,0,
Eduardo Rodríguez*,21,BOS,AL,1.7,13,8,0.619,4.74,32,31,0,0,0,0,157.2,172,87,83,19,47,0,185,2,1,0,675,99,3.32,1.389,9.8,1.1,2.7,10.6,3.94,0,
Frankie Montas,22,OAK,AL,1.6,4,9,0.308,3.18,19,19,0,0,0,0,104.2,91,44,37,12,28,3,109,1,0,4,423,116,3.35,1.137,7.8,1,2.4,9.4,3.89,0,
Bowden Francis,24,TOR,AL,1.6,8,5,0.615,3.3,27,13,7,0,0,0,103.2,74,41,38,17,22,0,92,7,1,0,408,124,4.36,0.926,6.4,1.5,1.9,8,4.18,0,
Michael Pineda,21,MIN,AL,1.6,9,8,0.529,3.62,22,21,0,0,0,0,109.1,114,49,44,17,21,1,88,2,0,1,458,117,4.21,1.235,9.4,1.4,1.7,7.2,4.19,0,
Alex Cobb,21,LAA,AL,1.6,8,3,0.727,3.76,18,18,0,0,0,0,93.1,85,46,39,5,33,0,98,3,0,4,393,119,2.92,1.264,8.2,0.5,3.2,9.5,2.97,0,
J.P. France,23,HOU,AL,1.6,11,6,0.647,3.83,24,23,0,0,0,0,136.1,138,64,58,19,47,0,101,2,0,6,581,111,4.66,1.357,9.1,1.3,3.1,6.7,2.15,0,
Nathan Eovaldi,22,BOS,AL,1.6,6,3,0.667,3.87,20,20,0,2,1,0,109.1,115,55,47,21,20,0,103,1,0,2,460,109,4.3,1.235,9.5,1.7,1.6,8.5,5.15,0,
José Suarez*,22,LAA,AL,1.6,8,8,0.5,3.96,22,20,0,0,0,0,109,103,49,48,14,33,2,103,4,0,1,462,101,3.91,1.248,8.5,1.2,2.7,8.5,3.12,0,
Wade Miley*,19,HOU,AL,1.6,14,6,0.7,3.98,33,33,0,0,0,0,167.1,164,83,74,23,61,0,140,5,2,4,720,116,4.51,1.345,8.8,1.2,3.3,7.5,2.3,0,
Mike Leake,19,SEA,AL,1.6,9,8,0.529,4.27,22,22,0,2,1,0,137,153,78,65,26,19,1,100,4,0,2,576,102,4.72,1.255,10.1,1.7,1.2,6.6,5.26,0,
Chris Sale*,23,BOS,AL,1.6,6,5,0.545,4.3,20,20,0,0,0,0,102.2,87,52,49,15,29,0,125,8,0,3,425,106,3.8,1.13,7.6,1.3,2.5,11,4.31,0,
Mitch Spence,24,OAK,AL,1.6,8,10,0.444,4.58,35,24,2,0,0,0,151.1,165,79,77,20,44,0,126,6,1,8,651,86,4.21,1.381,9.8,1.2,2.6,7.5,2.86,0,
Lucas Giolito,23,3TM,AL,1.6,8,15,0.348,4.88,33,33,0,0,0,0,184.1,169,110,100,41,73,2,204,9,0,5,794,90,5.27,1.313,8.3,2,3.6,10,2.79,0,
Chris Flexen,24,CHW,AL,1.6,3,15,0.167,4.95,33,30,0,0,0,0,160,180,95,88,24,63,1,123,2,2,4,707,83,4.8,1.519,10.1,1.4,3.5,6.9,1.95,0,
Ben Lively,24,CLE,AL,1.5,13,10,0.565,3.81,29,29,0,0,0,0,151,139,67,64,23,49,0,118,5,1,2,632,106,4.66,1.245,8.3,1.4,2.9,7,2.41,0,
Michael Lorenzen,24,TEX,AL,1.5,5,6,0.455,3.81,19,18,1,0,0,0,101.2,82,43,43,15,48,0,75,5,0,3,419,103,5.17,1.279,7.3,1.3,4.2,6.6,1.56,0,
David Price*,19,BOS,AL,1.5,7,5,0.583,4.28,22,22,0,0,0,0,107.1,109,57,51,15,32,0,128,3,1,3,458,114,3.62,1.314,9.1,1.3,2.7,10.7,4,0,
Paul Blackburn,23,OAK,AL,1.5,4,7,0.364,4.43,21,20,0,0,0,0,103.2,117,54,51,11,43,1,104,3,0,1,464,95,3.96,1.543,10.2,1,3.7,9,2.42,0,
Joe Ryan,23,MIN,AL,1.5,11,10,0.524,4.51,29,29,0,1,1,0,161.2,155,83,81,32,34,0,197,6,0,3,672,97,4.13,1.169,8.6,1.8,1.9,11,5.79,0,
George Kirby,22,SEA,AL,1.4,8,5,0.615,3.39,25,25,0,0,0,0,130,135,54,49,13,22,0,133,5,0,4,542,109,2.99,1.208,9.3,0.9,1.5,9.2,6.05,0,
Tarik Skubal*,22,DET,AL,1.4,7,8,0.467,3.52,21,21,0,0,0,0,117.2,104,53,46,9,32,0,117,1,0,1,477,111,2.96,1.156,8,0.7,2.4,8.9,3.66,0,
Grayson Rodriguez,24,BAL,AL,1.4,13,4,0.765,3.86,20,20,0,0,0,0,116.2,109,52,50,15,36,0,130,5,0,6,491,97,3.66,1.243,8.4,1.2,2.8,10,3.61,0,
Jameson Taillon,22,NYY,AL,1.4,14,5,0.737,3.91,32,32,0,0,0,0,177.1,168,78,77,26,32,0,151,5,0,3,728,101,3.94,1.128,8.5,1.3,1.6,7.7,4.72,0,
Reese Olson,23,DET,AL,1.4,5,7,0.417,3.99,21,18,0,0,0,0,103.2,83,49,46,14,33,0,103,1,1,4,422,109,4.01,1.119,7.2,1.2,2.9,8.9,3.12,0,
James Kaprielian,21,OAK,AL,1.4,8,5,0.615,4.07,24,21,0,0,0,0,119.1,105,55,54,19,41,0,123,5,0,1,502,101,4.33,1.223,7.9,1.4,3.1,9.3,3,0,
Dean Kremer,23,BAL,AL,1.4,13,5,0.722,4.12,32,32,0,0,0,0,172.2,171,85,79,27,55,0,157,5,0,5,735,99,4.51,1.309,8.9,1.4,2.9,8.2,2.85,0,
Ryan Yarbrough*,19,TBR,AL,1.4,11,6,0.647,4.13,28,14,1,0,0,0,141.2,121,69,65,15,20,2,117,9,1,0,563,106,3.55,0.995,7.7,1,1.3,7.4,5.85,0,
Cole Irvin*,21,OAK,AL,1.4,10,15,0.4,4.24,32,32,0,0,0,0,178.1,195,94,84,23,42,0,125,9,0,3,768,97,4.3,1.329,9.8,1.2,2.1,6.3,2.98,0,
Blake Snell*,19,TBR,AL,1.4,6,8,0.429,4.29,23,23,0,0,0,0,107,96,53,51,14,40,1,147,1,1,11,441,103,3.32,1.271,8.1,1.2,3.4,12.4,3.68,0,
Brayan Bello,24,BOS,AL,1.4,14,8,0.636,4.49,30,30,0,0,0,0,162.1,157,84,81,19,64,0,153,11,1,6,702,95,4.19,1.361,8.7,1.1,3.5,8.5,2.39,0,
J.A. Happ*,19,NYY,AL,1.4,12,8,0.6,4.91,31,30,0,0,0,0,161.1,160,88,88,34,49,1,140,5,0,3,678,90,5.22,1.295,8.9,1.9,2.7,7.8,2.86,0,
Reese Olson,24,DET,AL,1.3,4,8,0.333,3.53,22,22,0,0,0,0,112.1,100,51,44,7,33,0,101,4,0,4,465,116,3.17,1.184,8,0.6,2.6,8.1,3.06,0,
Cristian Javier,21,HOU,AL,1.3,4,1,0.8,3.55,36,9,5,0,0,2,101.1,67,41,40,16,53,1,130,7,0,6,424,121,4.43,1.184,6,1.4,4.7,11.5,2.45,0,
Jon Gray,22,TEX,AL,1.3,7,7,0.5,3.96,24,24,0,0,0,0,127.1,105,61,56,17,39,0,134,6,2,4,521,100,3.8,1.131,7.4,1.2,2.8,9.5,3.44,0,
Paul Blackburn,22,OAK,AL,1.3,7,6,0.538,4.28,21,21,0,0,0,0,111.1,110,53,53,15,30,2,89,5,0,1,467,86,4.21,1.257,8.9,1.2,2.4,7.2,2.97,0,
Kris Bubic*,21,KCR,AL,1.3,6,7,0.462,4.43,29,20,3,0,0,0,130,121,67,64,22,59,0,114,7,1,0,556,103,5.14,1.385,8.4,1.5,4.1,7.9,1.93,0,
Domingo Germán,21,NYY,AL,1.3,4,5,0.444,4.58,22,18,0,0,0,0,98.1,89,52,50,17,27,0,98,2,1,3,410,94,4.31,1.18,8.1,1.6,2.5,9,3.63,0,
Griffin Canning,19,LAA,AL,1.3,5,6,0.455,4.58,18,17,1,0,0,0,90.1,80,46,46,14,30,0,96,8,1,9,384,101,4.37,1.218,8,1.4,3,9.6,3.2,0,
Tommy Milone*,19,SEA,AL,1.3,4,10,0.286,4.76,23,6,0,0,0,0,111.2,102,61,59,24,23,2,94,2,0,1,453,92,5,1.119,8.2,1.9,1.9,7.6,4.09,0,
Andrew Heaney*,19,LAA,AL,1.3,4,6,0.4,4.91,18,18,0,0,0,0,95.1,93,53,52,20,30,1,118,7,0,4,409,94,4.63,1.29,8.8,1.9,2.8,11.1,3.93,0,
Tanner Houck,23,BOS,AL,1.3,6,10,0.375,5.01,21,21,0,0,0,0,106,104,61,59,14,41,0,99,6,0,1,463,91,4.43,1.368,8.8,1.2,3.5,8.4,2.41,0,
Jakob Junis,19,KCR,AL,1.3,9,14,0.391,5.24,31,31,0,0,0,0,175.1,192,108,102,31,58,1,164,11,0,4,771,91,4.82,1.426,9.9,1.6,3,8.4,2.83,0,
Luis Garcia,22,HOU,AL,1.2,15,8,0.652,3.72,28,28,0,0,0,0,157.1,131,70,65,23,47,0,157,1,1,8,643,103,3.93,1.131,7.5,1.3,2.7,9,3.34,0,
Chris Flexen,22,SEA,AL,1.2,8,9,0.471,3.73,33,22,11,0,0,2,137.2,132,61,57,17,51,3,95,2,0,7,590,99,4.49,1.329,8.6,1.1,3.3,6.2,1.86,0,
José Urquidy,22,HOU,AL,1.2,13,8,0.619,3.94,29,28,0,0,0,0,164.1,154,74,72,29,38,0,134,7,0,5,681,97,4.6,1.168,8.4,1.6,2.1,7.3,3.53,0,
Bailey Ober,21,MIN,AL,1.2,3,3,0.5,4.19,20,20,0,0,0,0,92.1,92,45,43,20,19,0,96,1,0,1,379,102,4.56,1.202,9,1.9,1.9,9.4,5.05,0,
Kenta Maeda,23,MIN,AL,1.2,6,8,0.429,4.23,21,20,0,0,0,0,104.1,94,50,49,17,28,0,117,3,0,2,428,104,4.02,1.169,8.1,1.5,2.4,10.1,4.18,0,
Dane Dunning,22,TEX,AL,1.2,4,8,0.333,4.46,29,29,0,0,0,0,153.1,158,80,76,20,62,0,137,11,0,6,671,89,4.45,1.435,9.3,1.2,3.6,8,2.21,0,
Cristian Javier,23,HOU,AL,1.2,10,5,0.667,4.56,31,31,0,0,0,0,162,143,85,82,25,62,0,159,7,0,4,687,93,4.58,1.265,7.9,1.4,3.4,8.8,2.56,0,
Homer Bailey,19,KCR,AL,1.2,7,6,0.538,4.8,18,18,0,0,0,0,90,89,49,48,12,38,0,81,2,0,2,389,99,4.48,1.411,8.9,1.2,3.8,8.1,2.13,0,
Trent Thornton,19,TOR,AL,1.2,6,9,0.4,4.84,32,29,0,0,0,0,154.1,156,87,83,24,61,0,149,5,0,5,677,94,4.59,1.406,9.1,1.4,3.6,8.7,2.44,0,
Adrian Sampson,19,TEX,AL,1.2,6,8,0.429,5.89,35,15,4,1,0,0,125.1,156,86,82,29,36,1,101,9,1,4,563,88,5.69,1.532,11.2,2.1,2.6,7.3,2.81,0,
Brad Peacock,19,HOU,AL,1.1,7,6,0.538,4.12,23,15,1,0,0,0,91.2,78,43,42,15,31,0,96,5,1,1,383,112,4.42,1.189,7.7,1.5,3,9.4,3.1,0,
Zack Greinke,21,HOU,AL,1.1,11,6,0.647,4.16,30,29,0,1,0,0,171,164,82,79,30,36,0,120,2,0,3,697,103,4.71,1.17,8.6,1.6,1.9,6.3,3.33,0,
James Kaprielian,22,OAK,AL,1.1,5,9,0.357,4.23,26,26,0,0,0,0,134,121,68,63,16,59,0,98,5,0,2,577,87,4.63,1.343,8.1,1.1,4,6.6,1.66,0,
James Paxton*,23,BOS,AL,1.1,7,5,0.583,4.5,19,19,0,0,0,0,96,93,51,48,18,33,0,101,2,0,5,411,101,4.68,1.313,8.7,1.7,3.1,9.5,3.06,0,
Zach Plesac,21,CLE,AL,1.1,10,6,0.625,4.67,25,25,0,0,0,0,142.2,137,79,74,23,34,1,100,7,1,5,598,92,4.73,1.199,8.6,1.5,2.1,6.3,2.94,0,
Zack Greinke,23,KCR,AL,1.1,2,15,0.118,5.06,30,27,0,0,0,0,142.1,158,82,80,25,23,0,97,4,1,2,593,88,4.74,1.272,10,1.6,1.5,6.1,4.22,0,
Jordan Montgomery*,22,NYY,AL,1,3,3,0.5,3.69,21,21,0,0,0,0,114.2,103,48,47,15,23,0,97,7,0,3,469,107,3.91,1.099,8.1,1.2,1.8,7.6,4.22,0,
Frankie Montas,22,2TM,AL,1,5,12,0.294,4.05,27,27,0,0,0,0,144.1,137,72,65,18,43,3,142,6,0,7,608,93,3.78,1.247,8.5,1.1,2.7,8.9,3.3,0,
Zack Littell,23,2TM,AL,1,3,6,0.333,4.1,28,14,7,0,0,0,90,94,43,41,13,12,1,74,4,0,4,379,103,4.02,1.178,9.4,1.3,1.2,7.4,6.17,0,
Andrew Heaney*,23,TEX,AL,1,10,6,0.625,4.15,34,28,1,0,0,0,147.1,143,74,68,23,60,0,151,10,0,3,641,103,4.66,1.378,8.7,1.4,3.7,9.2,2.52,0,
Michael Lorenzen,22,LAA,AL,1,8,6,0.571,4.24,18,18,0,0,0,0,97.2,81,48,46,11,44,0,85,4,0,3,411,95,4.31,1.28,7.5,1,4.1,7.8,1.93,0,
Tyler Wells,22,BAL,AL,1,7,7,0.5,4.25,23,23,0,0,0,0,103.2,90,49,49,16,28,0,76,2,0,0,423,92,4.52,1.138,7.8,1.4,2.4,6.6,2.71,0,
Bryce Miller,23,SEA,AL,1,8,7,0.533,4.32,25,25,0,0,0,0,131.1,124,64,63,18,26,0,119,7,0,2,537,91,3.98,1.142,8.5,1.2,1.8,8.2,4.58,0,
Félix Peña,19,LAA,AL,1,8,3,0.727,4.58,22,7,1,0,0,0,96.1,80,56,49,16,34,0,101,6,0,8,407,101,4.52,1.183,7.5,1.5,3.2,9.4,2.97,0,
Ross Stripling,21,TOR,AL,1,5,7,0.417,4.8,24,19,1,0,0,0,101.1,99,55,54,23,30,0,94,2,0,0,431,93,5.21,1.273,8.8,2,2.7,8.3,3.13,0,
Triston McKenzie,21,CLE,AL,1,5,9,0.357,4.95,25,24,0,0,0,0,120,84,66,66,21,58,0,136,3,2,2,495,87,4.7,1.183,6.3,1.6,4.4,10.2,2.34,0,
Mike Minor*,21,KCR,AL,1,8,12,0.4,5.05,28,28,0,0,0,0,158.2,156,92,89,26,41,0,149,5,0,4,669,90,4.29,1.242,8.8,1.5,2.3,8.5,3.63,0,
Kevin Gausman,24,TOR,AL,0.9,14,11,0.56,3.83,31,31,0,2,1,0,181,165,86,77,20,56,0,162,2,2,3,756,106,3.77,1.221,8.2,1,2.8,8.1,2.89,0,
Rich Hill*,21,TBR,AL,0.9,6,4,0.6,3.87,19,19,0,0,0,0,95.1,75,41,41,14,36,0,91,8,1,3,389,104,4.55,1.164,7.1,1.3,3.4,8.6,2.53,0,
Zach Eflin,24,TBR,AL,0.9,5,7,0.417,4.09,19,19,0,0,0,0,110,115,55,50,14,13,0,87,3,0,1,460,98,3.68,1.164,9.4,1.1,1.1,7.1,6.69,0,
Grayson Rodriguez,23,BAL,AL,0.9,7,4,0.636,4.35,23,23,0,0,0,0,122,121,62,59,16,42,0,129,2,0,4,515,94,3.93,1.336,8.9,1.2,3.1,9.5,3.07,0,
Logan Gilbert,21,SEA,AL,0.9,6,5,0.545,4.68,24,24,0,0,0,0,119.1,112,63,62,17,28,2,128,6,0,9,503,88,3.73,1.173,8.4,1.3,2.1,9.7,4.57,0,
Rich Hill*,22,BOS,AL,0.8,8,7,0.533,4.27,26,26,0,0,0,0,124.1,125,67,59,15,37,0,109,4,2,0,526,98,3.92,1.303,9,1.1,2.7,7.9,2.95,0,
Marcus Stroman,24,NYY,AL,0.8,10,9,0.526,4.31,30,29,1,0,0,1,154.2,167,81,74,19,60,0,113,8,0,2,675,95,4.62,1.468,9.7,1.1,3.5,6.6,1.88,0,
Corey Kluber,22,TBR,AL,0.8,10,10,0.5,4.34,31,31,0,0,0,0,164,178,82,79,20,21,0,139,10,0,2,689,84,3.57,1.213,9.8,1.1,1.2,7.6,6.62,0,
Alec Marsh,24,KCR,AL,0.8,9,9,0.5,4.53,26,25,1,0,0,0,129,123,70,65,19,39,1,123,11,1,3,548,92,4.34,1.256,8.6,1.3,2.7,8.6,3.15,0,
Andrew Heaney*,21,LAA,AL,0.8,6,7,0.462,5.27,18,18,0,0,0,0,94,92,56,55,16,31,0,113,3,0,3,401,85,4.06,1.309,8.8,1.5,3,10.8,3.65,0,
Rick Porcello,19,BOS,AL,0.8,14,12,0.538,5.52,32,32,0,0,0,0,174.1,198,114,107,31,45,2,143,6,2,5,768,88,4.76,1.394,10.2,1.6,2.3,7.4,3.18,0,
Lance Lynn,22,CHW,AL,0.7,8,7,0.533,3.99,21,21,0,0,0,0,121.2,119,65,54,19,19,0,124,10,0,4,512,99,3.82,1.134,8.8,1.4,1.4,9.2,6.53,0,
Xzavion Curry,23,CLE,AL,0.7,3,4,0.429,4.07,41,9,19,0,0,0,95,98,47,43,12,30,1,67,2,2,3,404,104,4.5,1.347,9.3,1.1,2.8,6.3,2.23,0,
Cooper Criswell,24,BOS,AL,0.7,6,5,0.545,4.08,26,18,4,0,0,0,99.1,103,52,45,10,31,0,73,7,0,2,424,105,4.15,1.349,9.3,0.9,2.8,6.6,2.35,0,
Andrew Heaney*,24,TEX,AL,0.7,5,14,0.263,4.28,32,31,0,0,0,0,160,159,84,76,23,41,1,159,12,0,2,693,91,4.04,1.25,8.9,1.3,2.3,8.9,3.88,0,
Jhony Brito,23,NYY,AL,0.7,9,7,0.563,4.28,25,13,1,0,0,1,90.1,82,47,43,14,28,0,72,4,1,0,372,101,4.74,1.218,8.2,1.4,2.8,7.2,2.57,0,
Jordan Lyles,22,BAL,AL,0.7,12,11,0.522,4.42,32,32,0,1,0,0,179,196,94,88,26,52,0,144,8,0,5,774,88,4.4,1.385,9.9,1.3,2.6,7.2,2.77,0,
Dane Dunning,21,TEX,AL,0.7,5,10,0.333,4.51,27,25,0,0,0,0,117.2,126,61,59,13,43,0,114,7,0,8,511,98,3.94,1.436,9.6,1,3.3,8.7,2.65,0,
Domingo Germán,23,NYY,AL,0.7,5,7,0.417,4.56,20,19,1,1,1,0,108.2,83,61,55,20,34,0,114,6,0,2,444,95,4.65,1.077,6.9,1.7,2.8,9.4,3.35,0,
Clarke Schmidt,23,NYY,AL,0.7,9,9,0.5,4.64,33,32,1,0,0,0,159,169,91,82,24,46,0,149,11,2,11,694,93,4.42,1.352,9.6,1.4,2.6,8.4,3.24,0,
Kyle Gibson,23,BAL,AL,0.7,15,9,0.625,4.73,33,33,0,0,0,0,192,198,101,101,23,55,0,157,6,0,8,807,86,4.13,1.318,9.3,1.1,2.6,7.4,2.85,0,
José Ureña,24,TEX,AL,0.6,5,8,0.385,3.8,33,9,8,0,0,1,109,105,51,46,13,39,2,70,4,0,3,463,103,4.62,1.321,8.7,1.1,3.2,5.8,1.79,0,
Dean Kremer,24,BAL,AL,0.6,8,10,0.444,4.1,24,24,0,0,0,0,129.2,110,72,59,18,51,0,123,3,1,1,553,92,4.32,1.242,7.6,1.2,3.5,8.5,2.41,0,
Jake Odorizzi,21,HOU,AL,0.6,6,7,0.462,4.21,24,23,0,0,0,0,104.2,97,51,49,16,34,1,91,3,0,0,441,102,4.48,1.252,8.3,1.4,2.9,7.8,2.68,0,
Martín Pérez*,23,TEX,AL,0.6,10,4,0.714,4.45,35,20,3,0,0,0,141.2,150,74,70,21,49,1,93,4,3,2,608,96,4.99,1.405,9.5,1.3,3.1,5.9,1.9,0,
Glenn Otto,22,TEX,AL,0.6,7,10,0.412,4.64,27,27,0,0,0,0,135.2,119,74,70,21,62,0,107,13,0,5,587,86,5.21,1.334,7.9,1.4,4.1,7.1,1.73,0,
Joey Estes,24,OAK,AL,0.6,7,9,0.438,5.01,25,24,0,1,1,0,127.2,130,73,71,23,27,1,92,10,0,3,543,79,4.94,1.23,9.2,1.6,1.9,6.5,3.41,0,
Daniel Lynch IV*,22,KCR,AL,0.6,4,13,0.235,5.13,27,27,0,0,0,0,131.2,155,79,75,21,52,2,122,5,2,7,600,80,4.63,1.572,10.6,1.4,3.6,8.3,2.35,0,
Michael Kopech,23,CHW,AL,0.6,5,12,0.294,5.43,30,27,2,0,0,0,129.1,115,80,78,29,91,0,134,11,0,9,591,81,6.46,1.593,8,2,6.3,9.3,1.47,0,
Sam Gaviglio,19,TOR,AL,0.5,4,2,0.667,4.61,52,0,9,0,0,0,95.2,85,51,49,18,22,0,88,4,1,0,392,98,4.64,1.118,8,1.7,2.1,8.3,4,0,
Patrick Sandoval*,23,LAA,AL,0.4,7,13,0.35,4.11,28,28,0,0,0,0,144.2,145,89,66,12,74,2,128,4,0,5,652,109,4.18,1.514,9,0.7,4.6,8,1.73,0,
Jon Gray,24,TEX,AL,0.4,5,6,0.455,4.47,23,19,2,0,0,0,102.2,107,54,51,11,28,1,86,0,0,1,439,88,3.7,1.315,9.4,1,2.5,7.5,3.07,0,
Martín Pérez*,21,BOS,AL,0.4,7,8,0.467,4.74,36,22,6,0,0,0,114,136,71,60,19,36,2,97,9,1,2,509,99,4.82,1.509,10.7,1.5,2.8,7.7,2.69,0,
Kyle Gibson,19,MIN,AL,0.4,13,7,0.65,4.84,34,29,0,0,0,0,160,175,99,86,23,56,0,160,7,0,8,706,94,4.26,1.444,9.8,1.3,3.2,9,2.86,0,
Adam Plutko,19,CLE,AL,0.4,7,5,0.583,4.86,21,20,0,0,0,0,109.1,115,61,59,22,26,2,78,4,0,0,462,97,5.23,1.29,9.5,1.8,2.1,6.4,3,0,
Lucas Giolito,22,CHW,AL,0.4,11,9,0.55,4.9,30,30,0,0,0,0,161.2,171,92,88,24,61,1,177,4,0,3,698,81,4.06,1.435,9.5,1.3,3.4,9.9,2.9,0,
CC Sabathia*,19,NYY,AL,0.4,5,8,0.385,4.95,23,22,0,0,0,0,107.1,112,64,59,27,39,0,107,3,0,0,468,90,5.66,1.407,9.4,2.3,3.3,9,2.74,0,
Martín Pérez*,19,MIN,AL,0.4,10,7,0.588,5.12,32,29,0,0,0,0,165.1,184,104,94,23,67,1,135,3,1,3,737,89,4.66,1.518,10,1.3,3.6,7.3,2.01,0,
Brady Singer,23,KCR,AL,0.4,8,11,0.421,5.52,29,29,0,0,0,0,159.2,182,102,98,20,49,0,133,8,0,3,702,81,4.29,1.447,10.3,1.1,2.8,7.5,2.71,0,
Eduardo Rodríguez*,22,DET,AL,0.3,5,5,0.5,4.05,17,17,0,0,0,0,91,87,49,41,12,34,0,72,2,0,1,391,96,4.43,1.33,8.6,1.2,3.4,7.1,2.12,0,
Spencer Arrighetti,24,HOU,AL,0.3,7,13,0.35,4.53,29,28,0,0,0,0,145,139,80,73,21,65,0,171,7,0,3,632,88,4.18,1.407,8.6,1.3,4,10.6,2.63,0,
Kenta Maeda,21,MIN,AL,0.3,6,5,0.545,4.66,21,21,0,0,0,0,106.1,106,60,55,16,32,1,113,7,0,3,453,91,4.1,1.298,9,1.4,2.7,9.6,3.53,0,
Tyler Alexander*,24,TBR,AL,0.3,6,5,0.545,5.1,23,9,1,0,0,0,107.2,110,61,61,23,24,1,90,5,0,0,455,78,5.08,1.245,9.2,1.9,2,7.5,3.75,0,
Reynaldo López,19,CHW,AL,0.3,10,15,0.4,5.38,33,33,0,1,0,0,184,203,119,110,35,65,0,169,8,2,5,809,85,5.04,1.457,9.9,1.7,3.2,8.3,2.6,0,
Andrew Heaney*,21,2TM,AL,0.3,8,9,0.471,5.83,30,23,2,0,0,0,129.2,130,85,84,29,41,0,150,6,0,4,558,76,4.85,1.319,9,2,2.8,10.4,3.66,0,
Jalen Beeks*,19,TBR,AL,0.2,6,3,0.667,4.31,33,3,5,0,0,1,104.1,115,56,50,12,40,1,89,9,0,3,464,102,4.41,1.486,9.9,1,3.5,7.7,2.23,0,
Casey Mize,24,DET,AL,0.2,2,6,0.25,4.49,22,20,0,0,0,0,102.1,121,57,51,11,29,0,78,2,1,2,452,91,3.95,1.466,10.6,1,2.6,6.9,2.69,0,
Drew Hutchison,22,DET,AL,0.2,3,9,0.25,4.53,28,18,3,0,0,0,105.1,114,58,53,15,42,1,68,2,0,3,464,86,4.93,1.481,9.7,1.3,3.6,5.8,1.62,0,
Garrett Richards,21,BOS,AL,0.2,7,8,0.467,4.87,40,22,4,0,0,3,136.2,158,86,74,19,60,1,115,5,0,7,617,96,4.72,1.595,10.4,1.3,4,7.6,1.92,0,
Kyle Bradish,22,BAL,AL,0.2,4,7,0.364,4.9,23,23,0,0,0,0,117.2,119,68,64,17,46,0,111,7,0,7,509,80,4.45,1.402,9.1,1.3,3.5,8.5,2.41,0,
Brad Keller,22,KCR,AL,0.2,6,14,0.3,5.09,35,22,4,0,0,1,139.2,153,86,79,17,57,1,102,2,0,11,617,80,4.5,1.504,9.9,1.1,3.7,6.6,1.79,0,
Griffin Canning,24,LAA,AL,0.2,6,13,0.316,5.19,32,31,1,0,0,0,171.2,174,105,99,31,66,1,130,6,4,6,739,81,5.26,1.398,9.1,1.6,3.5,6.8,1.97,0,
Ken Waldichuk*,23,OAK,AL,0.2,4,9,0.308,5.36,35,22,2,0,0,1,141,149,93,84,24,71,1,132,9,1,7,639,78,5.3,1.56,9.5,1.5,4.5,8.4,1.86,0,
Luis Medina,23,OAK,AL,0.2,3,10,0.231,5.42,23,17,0,0,0,0,109.2,109,73,66,14,57,2,106,8,2,11,495,78,4.76,1.514,8.9,1.1,4.7,8.7,1.86,0,
Tyler Anderson*,23,LAA,AL,0.2,6,6,0.5,5.43,27,25,0,0,0,0,141,146,90,85,20,64,1,119,7,2,6,629,82,4.92,1.489,9.3,1.3,4.1,7.6,1.86,0,
Yusei Kikuchi*,19,SEA,AL,0.2,6,11,0.353,5.46,32,32,0,1,1,0,161.2,195,109,98,36,50,0,116,6,1,5,721,80,5.71,1.515,10.9,2,2.8,6.5,2.32,0,
Aaron Brooks,19,2TM,AL,0.2,6,8,0.429,5.65,29,18,8,0,0,0,110,118,72,69,21,34,0,82,10,1,4,482,81,5.4,1.382,9.7,1.7,2.8,6.7,2.41,0,
Chris Archer,22,MIN,AL,0.1,2,8,0.2,4.56,25,25,0,0,0,0,102.2,87,56,52,12,48,0,84,3,0,3,437,86,4.49,1.315,7.6,1.1,4.2,7.4,1.75,0,
Keider Montero,24,DET,AL,0.1,6,6,0.5,4.76,19,16,1,1,1,0,98.1,100,54,52,19,31,0,77,3,0,2,412,86,5.15,1.332,9.2,1.7,2.8,7,2.48,0,
Hunter Brown,23,HOU,AL,0.1,11,13,0.458,5.09,31,29,1,0,0,0,155.2,157,94,88,26,55,0,178,9,0,4,665,83,4.37,1.362,9.1,1.5,3.2,10.3,3.24,0,
Dallas Keuchel*,21,CHW,AL,0.1,9,9,0.5,5.28,32,30,0,0,0,0,162,189,105,95,25,59,1,95,7,0,5,720,83,5.23,1.531,10.5,1.4,3.3,5.3,1.61,0,
Wade LeBlanc*,19,SEA,AL,0.1,6,7,0.462,5.71,26,8,4,0,0,0,121.1,145,80,77,28,31,1,92,1,0,0,532,76,5.49,1.451,10.8,2.1,2.3,6.8,2.97,0,
Glenn Sparkman,19,KCR,AL,0.1,4,11,0.267,6.02,31,23,2,1,1,0,136,164,96,91,30,41,1,81,6,2,6,606,79,5.93,1.507,10.9,2,2.7,5.4,1.98,0,
Taylor Hearn*,21,TEX,AL,0,6,6,0.5,4.66,42,11,10,0,0,0,104.1,96,58,54,17,42,1,92,3,0,6,441,95,4.82,1.323,8.3,1.5,3.6,7.9,2.19,0,
Spenser Watkins,22,BAL,AL,0,5,6,0.455,4.7,23,20,1,0,0,0,105.1,119,59,55,11,30,0,63,4,1,3,459,83,4.24,1.415,10.2,0.9,2.6,5.4,2.1,0,
Yusei Kikuchi*,24,TOR,AL,0,4,9,0.308,4.75,22,22,0,0,0,0,115.2,125,63,61,17,30,0,130,2,0,2,497,86,3.66,1.34,9.7,1.3,2.3,10.1,4.33,0,
Brady Singer,21,KCR,AL,0,5,10,0.333,4.91,27,27,0,1,0,0,128.1,146,81,70,14,53,1,131,11,1,3,586,93,4.04,1.551,10.2,1,3.7,9.2,2.47,0,
Jordan Lyles,21,TEX,AL,0,10,13,0.435,5.15,32,30,1,0,0,0,180,194,104,103,38,56,0,146,7,0,9,769,86,5.34,1.389,9.7,1.9,2.8,7.3,2.61,0,
Cal Quantrill,23,CLE,AL,0,4,7,0.364,5.24,19,19,0,0,0,0,99.2,111,59,58,11,35,0,58,7,0,6,444,81,4.79,1.465,10,1,3.2,5.2,1.66,0,
Jorge López,21,BAL,AL,0,3,14,0.176,6.07,33,25,2,0,0,0,121.2,142,83,82,21,56,2,112,10,2,9,555,74,5.2,1.627,10.5,1.6,4.1,8.3,2,0,
Marco Gonzales*,22,SEA,AL,-0.1,10,15,0.4,4.13,32,32,0,0,0,0,183,194,97,84,30,50,1,103,7,0,1,783,90,5.05,1.333,9.5,1.5,2.5,5.1,2.06,0,
Chris Bassitt,24,TOR,AL,-0.1,10,14,0.417,4.16,31,31,0,0,0,0,171,180,91,79,18,70,2,168,16,2,2,758,98,4.08,1.462,9.5,0.9,3.7,8.8,2.4,0,
Jonathan Heasley,22,KCR,AL,-0.1,4,10,0.286,5.28,21,21,0,0,0,0,104,108,67,61,19,47,0,70,6,0,9,465,78,5.67,1.49,9.3,1.6,4.1,6.1,1.49,0,
Gabriel Ynoa,19,BAL,AL,-0.1,1,10,0.091,5.61,36,13,3,0,0,0,110.2,126,77,69,29,26,1,67,3,1,4,480,84,6.2,1.373,10.2,2.4,2.1,5.4,2.58,0,
Ariel Jurado,19,TEX,AL,-0.1,7,11,0.389,5.81,32,18,3,1,0,0,122.1,148,94,79,21,36,1,81,4,0,3,541,89,5.1,1.504,10.9,1.5,2.6,6,2.25,0,
Trevor Cahill,19,LAA,AL,-0.1,4,9,0.308,5.98,37,11,12,0,0,0,102.1,111,71,68,25,39,0,81,6,0,14,455,77,6.13,1.466,9.8,2.2,3.4,7.1,2.08,0,
Jordan Zimmermann,19,DET,AL,-0.1,1,13,0.071,6.91,23,23,0,0,0,0,112,145,89,86,19,25,2,82,6,0,3,504,69,4.79,1.518,11.7,1.5,2,6.6,3.28,0,
Tyler Alexander*,22,DET,AL,-0.2,4,11,0.267,4.81,27,17,1,0,0,0,101,108,58,54,18,25,1,61,1,0,0,427,81,4.99,1.317,9.6,1.6,2.2,5.4,2.44,0,
Dylan Bundy,22,MIN,AL,-0.2,8,8,0.5,4.89,29,29,0,0,0,0,140,151,79,76,24,28,0,94,3,0,3,595,80,4.66,1.279,9.7,1.5,1.8,6,3.36,0,
Justin Verlander,24,HOU,AL,-0.3,5,6,0.455,5.48,17,17,0,0,0,0,90.1,98,56,55,15,27,0,74,6,1,2,396,73,4.78,1.384,9.8,1.5,2.7,7.4,2.74,0,
Dylan Bundy,21,LAA,AL,-0.3,2,9,0.182,6.06,23,19,1,0,0,0,90.2,89,64,61,20,34,0,84,6,0,1,397,74,5.51,1.357,8.8,2,3.4,8.3,2.47,0,
Taylor Hearn*,22,TEX,AL,-0.4,6,8,0.429,5.13,31,13,3,0,0,1,100,107,60,57,11,43,0,97,3,0,3,449,78,3.98,1.5,9.6,1,3.9,8.7,2.26,0,
Brad Keller,21,KCR,AL,-0.4,8,12,0.4,5.39,26,26,0,0,0,0,133.2,158,89,80,18,64,1,120,7,0,5,613,85,4.72,1.661,10.6,1.2,4.3,8.1,1.88,0,
Kris Bubic*,22,KCR,AL,-0.4,3,13,0.188,5.58,28,27,1,0,0,0,129,156,87,80,18,63,0,110,4,1,4,587,73,4.78,1.698,10.9,1.3,4.4,7.7,1.75,0,
Taj Bradley,23,TBR,AL,-0.4,5,8,0.385,5.59,23,21,0,0,0,0,104.2,106,69,65,23,39,0,129,1,0,6,460,75,4.79,1.385,9.1,2,3.4,11.1,3.31,0,
Keegan Akin*,21,BAL,AL,-0.4,2,10,0.167,6.63,24,17,1,0,0,0,95,110,70,70,17,40,1,82,2,1,5,427,67,5.1,1.579,10.4,1.6,3.8,7.8,2.05,0,
Cole Irvin*,24,BAL,AL,-0.5,6,5,0.545,4.86,25,16,3,0,0,1,107.1,126,66,58,17,25,1,76,5,0,1,470,77,4.65,1.407,10.6,1.4,2.1,6.4,3.04,0,
Michael Wacha,21,TBR,AL,-0.5,3,5,0.375,5.05,29,23,1,0,0,0,124.2,132,73,70,23,31,0,121,4,0,5,528,80,4.47,1.307,9.5,1.7,2.2,8.7,3.9,0,
José Ureña,21,DET,AL,-0.5,4,8,0.333,5.81,26,18,1,0,0,0,100.2,119,70,65,14,42,0,67,4,0,4,456,73,5.02,1.599,10.6,1.3,3.8,6,1.6,0,
Josh Fleming*,21,TBR,AL,-0.6,10,8,0.556,5.09,26,11,1,0,0,1,104.1,110,60,59,11,31,5,65,3,0,0,448,79,4.27,1.351,9.5,0.9,2.7,5.6,2.1,0,
José Berríos,22,TOR,AL,-0.6,12,7,0.632,5.23,32,32,0,0,0,0,172,199,103,100,29,45,0,149,11,0,3,753,74,4.55,1.419,10.4,1.5,2.4,7.8,3.31,0,
Dane Dunning,24,TEX,AL,-0.6,5,7,0.417,5.31,26,15,6,0,0,0,95,97,60,56,18,40,1,91,6,0,2,421,74,5.17,1.442,9.2,1.7,3.8,8.6,2.28,0,
Mike Foltynewicz,21,TEX,AL,-0.6,2,12,0.143,5.44,28,24,0,0,0,0,139,139,86,84,35,36,0,97,9,0,2,586,81,6.02,1.259,9,2.3,2.3,6.3,2.69,0,
Aaron Sanchez,19,2TM,AL,-0.6,5,14,0.263,5.89,27,27,0,0,0,0,131.1,145,92,86,20,68,2,115,11,0,7,605,77,5.25,1.622,9.9,1.4,4.7,7.9,1.69,0,
Aaron Sanchez,19,TOR,AL,-0.6,3,14,0.176,6.07,23,23,0,0,0,0,112.2,131,82,76,15,59,2,99,10,0,7,524,75,5.02,1.686,10.5,1.2,4.7,7.9,1.68,0,
Matt Harvey,21,BAL,AL,-0.7,6,14,0.3,6.27,28,28,0,0,0,0,127.2,160,96,89,19,37,1,95,5,0,3,582,71,4.6,1.543,11.3,1.3,2.6,6.7,2.57,0,
Zach Plesac,22,CLE,AL,-0.8,3,12,0.2,4.31,25,24,0,0,0,0,131.2,136,74,63,19,38,0,100,5,0,4,568,88,4.45,1.322,9.3,1.3,2.6,6.8,2.63,0,
Cole Irvin*,24,2TM,AL,-0.8,6,6,0.5,5.11,29,16,4,0,0,1,111,132,71,63,18,29,1,78,6,0,2,492,74,4.81,1.45,10.7,1.5,2.4,6.3,2.69,0,
Kolby Allard*,21,TEX,AL,-0.8,3,12,0.2,5.41,32,17,3,0,0,0,124.2,128,80,75,29,31,0,104,4,0,4,534,82,5.37,1.275,9.2,2.1,2.2,7.5,3.35,0,
Aaron Civale,22,CLE,AL,-0.9,5,6,0.455,4.92,20,20,0,0,0,0,97,93,58,53,14,22,1,98,7,0,1,407,77,3.86,1.186,8.6,1.3,2,9.1,4.45,0,
Ryan Yarbrough*,21,TBR,AL,-1,9,7,0.563,5.11,30,21,0,1,0,0,155,163,96,88,25,27,2,117,9,1,1,653,79,4.45,1.226,9.5,1.5,1.6,6.8,4.33,0,
Yusei Kikuchi*,22,TOR,AL,-1.1,6,7,0.462,5.19,32,20,4,0,0,1,100.2,93,67,58,23,58,0,124,9,0,3,454,74,5.62,1.5,8.3,2.1,5.2,11.1,2.14,0,
Logan Allen*,24,CLE,AL,-1.1,8,5,0.615,5.73,20,20,0,0,0,0,97.1,113,63,62,22,41,0,79,4,0,4,432,70,5.87,1.582,10.4,2,3.8,7.3,1.93,0,
Jordan Lyles,23,KCR,AL,-1.1,6,17,0.261,6.28,31,31,0,3,0,0,177.2,176,130,124,39,45,0,120,6,0,10,748,71,5.62,1.244,8.9,2,2.3,6.1,2.67,0,
Jorge López,19,KCR,AL,-1.1,4,9,0.308,6.33,39,18,8,0,0,1,123.2,140,94,87,27,42,0,109,10,0,6,548,75,5.55,1.472,10.2,2,3.1,7.9,2.6,0,
Lance Lynn,23,CHW,AL,-1.1,6,9,0.4,6.47,21,21,0,0,0,0,119.2,130,94,86,28,45,1,144,7,0,3,535,68,5.19,1.462,9.8,2.1,3.4,10.8,3.2,0,
Carlos Carrasco,24,CLE,AL,-1.2,3,10,0.231,5.64,21,21,0,0,0,0,103.2,112,68,65,19,33,0,89,5,0,5,447,71,4.93,1.399,9.7,1.6,2.9,7.7,2.7,0,
Kenta Maeda,24,DET,AL,-1.8,3,7,0.3,6.09,29,17,2,0,0,0,112.1,124,80,76,22,31,0,96,5,0,3,485,67,4.96,1.38,9.9,1.8,2.5,7.7,3.1,0,
J.A. Happ*,21,MIN,AL,-1.8,5,6,0.455,6.77,19,19,0,0,0,0,98.1,125,76,74,21,31,0,77,3,0,3,445,63,5.42,1.586,11.4,1.9,2.8,7,2.48,0,
Joey Wentz*,23,DET,AL,-2,3,13,0.188,6.9,25,19,0,0,0,0,105.2,131,87,81,25,47,0,98,0,2,2,492,63,5.81,1.685,11.2,2.1,4,8.3,2.09,0,
Ranger Suárez*,21,PHI,NL,5.6,8,5,0.615,1.36,39,12,13,1,1,4,106,73,20,16,4,33,3,107,5,0,1,418,308,2.72,1,6.2,0.3,2.8,9.1,3.24,0,
Max Scherzer,22,NYM,NL,5.3,11,5,0.688,2.29,23,23,0,0,0,0,145.1,108,39,37,13,24,0,173,11,0,1,565,169,2.62,0.908,6.7,0.8,1.5,10.7,7.21,0,
Wade Miley*,21,CIN,NL,5.3,12,7,0.632,3.37,28,28,0,1,1,0,163,166,64,61,17,50,0,125,3,0,2,690,139,3.97,1.325,9.2,0.9,2.8,6.9,2.5,0,
Luis Castillo,19,CIN,NL,5.2,15,8,0.652,3.4,32,32,0,0,0,0,190.2,139,76,72,22,79,0,226,7,3,5,781,137,3.7,1.143,6.6,1,3.7,10.7,2.86,0,
Tyler Mahle,21,CIN,NL,4.9,13,6,0.684,3.75,33,33,0,0,0,0,180,158,78,75,24,64,0,210,10,0,4,759,125,3.8,1.233,7.9,1.2,3.2,10.5,3.28,0,
Zack Wheeler,22,PHI,NL,4.8,12,7,0.632,2.82,26,26,0,0,0,0,153,125,52,48,13,34,1,163,7,1,1,607,141,2.89,1.039,7.4,0.8,2,9.6,4.79,0,
Jesús Luzardo*,23,MIA,NL,4.7,10,10,0.5,3.58,32,32,0,0,0,0,178.2,162,79,71,22,55,1,208,6,1,7,741,131,3.55,1.215,8.2,1.1,2.8,10.5,3.78,0,
Tony Gonsolin,22,LAD,NL,4.3,16,1,0.941,2.14,24,24,0,0,0,0,130.1,79,32,31,11,35,1,119,4,0,5,498,188,3.28,0.875,5.5,0.8,2.4,8.2,3.4,0,
Zack Greinke,19,ARI,NL,4.3,10,4,0.714,2.9,23,23,0,0,0,0,146,117,48,47,15,21,2,135,3,0,1,562,154,3.19,0.945,7.2,0.9,1.3,8.3,6.43,0,
Braxton Garrett*,23,MIA,NL,4.3,9,7,0.563,3.66,31,30,1,0,0,0,159.2,154,68,65,20,29,0,156,11,0,4,659,128,3.68,1.146,8.7,1.1,1.6,8.8,5.38,0,
Max Fried*,21,ATL,NL,4.2,14,7,0.667,3.04,28,28,0,2,2,0,165.2,139,61,56,15,41,0,158,7,0,7,667,143,3.31,1.087,7.6,0.8,2.2,8.6,3.85,0,
Anthony DeSclafani,21,SFG,NL,4.2,13,7,0.65,3.17,31,31,0,2,2,0,167.2,141,61,59,19,42,1,152,2,0,7,676,130,3.62,1.091,7.6,1,2.3,8.2,3.62,0,
Sandy Alcantara,21,MIA,NL,4.2,9,15,0.375,3.19,33,33,0,1,0,0,205.2,171,85,73,21,50,2,201,10,1,6,837,132,3.42,1.075,7.5,0.9,2.2,8.8,4.02,0,
Luis Castillo,21,CIN,NL,4.2,8,16,0.333,3.98,33,33,0,0,0,0,187.2,181,94,83,19,75,4,192,7,1,1,803,117,3.75,1.364,8.7,0.9,3.6,9.2,2.56,0,
Nick Martinez,24,CIN,NL,4,10,7,0.588,3.1,42,16,3,1,0,0,142.1,128,56,49,13,18,0,116,5,0,4,570,142,3.21,1.026,8.1,0.8,1.1,7.3,6.44,0,
Merrill Kelly,23,ARI,NL,4,12,8,0.6,3.29,30,30,0,0,0,0,177.2,143,71,65,20,69,0,187,4,4,3,722,133,3.85,1.193,7.2,1,3.5,9.5,2.71,0,
Tyler Anderson*,22,LAD,NL,3.9,15,5,0.75,2.57,30,28,0,0,0,0,178.2,145,57,51,14,34,0,138,9,0,6,707,157,3.31,1.002,7.3,0.7,1.7,7,4.06,0,
Logan Webb,21,SFG,NL,3.9,11,3,0.786,3.03,27,26,0,0,0,0,148.1,128,53,50,9,36,0,158,8,0,2,596,136,2.72,1.106,7.8,0.5,2.2,9.6,4.39,0,
Charlie Morton,21,ATL,NL,3.9,14,6,0.7,3.34,33,33,0,0,0,0,185.2,136,77,69,16,58,1,216,17,0,5,756,130,3.18,1.045,6.6,0.8,2.8,10.5,3.72,0,
Sandy Alcantara,23,MIA,NL,3.9,7,12,0.368,4.14,28,28,0,3,1,0,184.2,176,91,85,22,48,0,151,5,1,4,762,113,4.03,1.213,8.6,1.1,2.3,7.4,3.15,0,
Spencer Strider,22,ATL,NL,3.8,11,5,0.688,2.67,31,20,3,0,0,0,131.2,86,42,39,7,45,1,202,3,0,6,528,154,1.83,0.995,5.9,0.5,3.1,13.8,4.49,0,
Merrill Kelly,22,ARI,NL,3.8,13,8,0.619,3.37,33,33,0,0,0,0,200.1,167,77,75,21,61,2,177,2,1,4,804,119,3.65,1.138,7.5,0.9,2.7,8,2.9,0,
Clayton Kershaw*,23,LAD,NL,3.7,13,5,0.722,2.46,24,24,0,0,0,0,131.2,100,39,36,19,40,0,137,3,2,6,523,175,4.03,1.063,6.8,1.3,2.7,9.4,3.43,0,
Freddy Peralta,21,MIL,NL,3.7,10,5,0.667,2.81,28,27,0,1,0,0,144.1,84,47,45,14,56,1,195,11,0,4,580,147,3.12,0.97,5.2,0.9,3.5,12.2,3.48,0,
Joe Musgrove,21,SDP,NL,3.7,11,9,0.55,3.18,32,31,1,2,2,0,181.1,142,68,64,22,54,3,203,18,0,3,748,122,3.7,1.081,7,1.1,2.7,10.1,3.76,0,
Jon Gray,19,COL,NL,3.6,11,8,0.579,3.84,26,25,1,0,0,0,150,147,70,64,19,56,4,150,4,0,7,637,134,4.06,1.353,8.8,1.1,3.4,9,2.68,0,
Aaron Nola,19,PHI,NL,3.6,12,7,0.632,3.87,34,34,0,0,0,0,202.1,176,91,87,27,80,3,229,11,0,3,852,115,4.03,1.265,7.8,1.2,3.6,10.2,2.86,0,
Clayton Kershaw*,22,LAD,NL,3.5,12,3,0.8,2.28,22,22,0,0,0,0,126.1,96,36,32,10,23,0,137,2,1,0,493,177,2.57,0.942,6.8,0.7,1.6,9.8,5.96,0,
Trevor Rogers*,21,MIA,NL,3.5,7,8,0.467,2.64,25,25,0,0,0,0,133,107,46,39,6,46,2,157,5,1,4,550,160,2.55,1.15,7.2,0.4,3.1,10.6,3.41,0,
Joe Musgrove,22,SDP,NL,3.5,10,7,0.588,2.93,30,30,0,0,0,0,181,154,67,59,22,42,1,184,14,0,4,740,129,3.59,1.083,7.7,1.1,2.1,9.1,4.38,0,
Jose Quintana*,22,2TM,NL,3.5,6,7,0.462,2.93,32,32,0,0,0,0,165.2,154,61,54,8,47,1,137,3,0,1,679,137,2.99,1.213,8.4,0.4,2.6,7.4,2.91,0,
Max Fried*,24,ATL,NL,3.5,11,10,0.524,3.25,29,29,0,2,1,0,174.1,146,71,63,13,57,0,166,7,0,6,714,128,3.33,1.164,7.5,0.7,2.9,8.6,2.91,0,
Marcus Stroman,21,NYM,NL,3.4,10,13,0.435,3.02,33,33,0,0,0,0,179,161,70,60,17,44,2,158,7,0,7,730,133,3.49,1.145,8.1,0.9,2.2,7.9,3.59,0,
Jeff Samardzija,19,SFG,NL,3.4,11,12,0.478,3.52,32,32,0,0,0,0,181.1,152,78,71,28,49,4,140,6,0,5,740,119,4.59,1.108,7.5,1.4,2.4,6.9,2.86,0,
Max Scherzer,21,WSN,NL,3.3,8,4,0.667,2.76,19,19,0,1,0,0,111,71,36,34,18,28,0,147,8,0,0,428,147,3.6,0.892,5.8,1.5,2.3,11.9,5.25,0,
Kyle Hendricks,19,CHC,NL,3.3,11,10,0.524,3.46,30,30,0,1,1,0,177,168,78,68,19,32,1,150,9,0,1,730,127,3.61,1.13,8.5,1,1.6,7.6,4.69,0,
Andrew Abbott*,24,CIN,NL,3.3,10,10,0.5,3.72,25,25,0,0,0,0,138,127,60,57,25,52,1,114,2,0,5,586,118,5.04,1.297,8.3,1.6,3.4,7.4,2.19,0,
Sandy Alcantara,19,MIA,NL,3.3,6,14,0.3,3.88,32,32,0,2,2,0,197.1,179,94,85,23,81,5,151,8,1,4,838,110,4.55,1.318,8.2,1,3.7,6.9,1.86,0,
Anthony DeSclafani,19,CIN,NL,3.3,9,9,0.5,3.89,31,31,0,0,0,0,166.2,151,77,72,29,49,5,167,4,1,2,696,120,4.43,1.2,8.2,1.6,2.6,9,3.41,0,
Chris Bassitt,22,NYM,NL,3.2,15,9,0.625,3.42,30,30,0,0,0,0,181.2,159,71,69,19,49,0,167,13,1,5,745,113,3.66,1.145,7.9,0.9,2.4,8.3,3.41,0,
Aníbal Sánchez,19,WSN,NL,3.2,11,8,0.579,3.85,30,30,0,0,0,0,166,153,77,71,22,58,10,134,4,3,1,712,117,4.44,1.271,8.3,1.2,3.1,7.3,2.31,0,
Zack Wheeler,19,NYM,NL,3.2,11,8,0.579,3.96,31,31,0,0,0,0,195.1,196,93,86,22,50,4,195,2,0,5,828,103,3.48,1.259,9,1,2.3,9,3.9,0,
Trevor Bauer,21,LAD,NL,3.1,8,5,0.615,2.59,17,17,0,1,0,0,107.2,71,36,31,19,37,1,137,3,0,3,432,163,4.03,1.003,5.9,1.6,3.1,11.5,3.7,0,
Luis Ortiz,24,PIT,NL,3.1,7,6,0.538,3.32,37,15,2,0,0,1,135.2,109,56,50,16,42,3,107,9,1,2,556,126,4.25,1.113,7.2,1.1,2.8,7.1,2.55,0,
Brandon Woodruff,19,MIL,NL,3.1,11,3,0.786,3.62,22,22,0,0,0,0,121.2,109,49,49,12,30,0,143,5,1,1,493,123,3.01,1.142,8.1,0.9,2.2,10.6,4.77,0,
Julio Teheran,19,ATL,NL,3.1,10,11,0.476,3.81,33,33,0,0,0,0,174.2,148,81,74,22,83,3,162,14,1,5,754,120,4.66,1.323,7.6,1.1,4.3,8.3,1.95,0,
Josiah Gray,23,WSN,NL,3.1,8,13,0.381,3.91,30,30,0,0,0,0,159,152,72,69,22,80,1,143,9,0,9,698,109,4.93,1.459,8.6,1.2,4.5,8.1,1.79,0,
Sonny Gray,21,CIN,NL,3.1,7,9,0.438,4.19,26,26,0,0,0,0,135.1,115,67,63,19,50,1,155,8,0,9,575,112,3.99,1.219,7.6,1.3,3.3,10.3,3.1,0,
Brandon Woodruff,22,MIL,NL,3,13,4,0.765,3.05,27,27,0,0,0,0,153.1,122,56,52,18,42,0,190,5,0,2,620,132,3.08,1.07,7.2,1.1,2.5,11.2,4.52,0,
Charlie Morton,23,ATL,NL,3,14,12,0.538,3.64,30,30,0,0,0,0,163.1,150,70,66,14,83,2,183,12,2,4,716,120,3.87,1.427,8.3,0.8,4.6,10.1,2.2,0,
Pablo López,22,MIA,NL,3,10,10,0.5,3.75,32,32,0,0,0,0,180,157,78,75,21,53,1,174,8,0,4,736,109,3.71,1.167,7.9,1.1,2.7,8.7,3.28,0,
Yu Darvish,19,CHC,NL,3,6,8,0.429,3.98,31,31,0,0,0,0,178.2,140,82,79,33,56,1,229,11,0,11,731,111,4.18,1.097,7.1,1.7,2.8,11.5,4.09,0,
Max Fried*,19,ATL,NL,3,17,6,0.739,4.02,33,30,1,1,0,0,165.2,174,80,74,21,47,3,173,5,1,11,702,114,3.72,1.334,9.5,1.1,2.6,9.4,3.68,0,
Mitch Keller,23,PIT,NL,3,13,9,0.591,4.21,32,32,0,1,1,0,194.1,187,97,91,25,55,0,210,12,1,5,825,106,3.8,1.245,8.7,1.2,2.5,9.7,3.82,0,
David Peterson*,24,NYM,NL,2.9,10,3,0.769,2.9,21,21,0,0,0,0,121,110,44,39,8,46,0,101,7,1,4,510,135,3.67,1.289,8.2,0.6,3.4,7.5,2.2,0,
Chris Paddack,19,SDP,NL,2.9,9,7,0.563,3.33,26,26,0,0,0,0,140.2,107,58,52,23,31,1,153,6,1,1,568,126,3.95,0.981,6.8,1.5,2,9.8,4.94,0,
Madison Bumgarner*,19,SFG,NL,2.9,9,9,0.5,3.9,34,34,0,0,0,0,207.2,191,99,90,30,43,3,203,10,0,3,844,107,3.9,1.127,8.3,1.3,1.9,8.8,4.72,0,
Pablo López,21,MIA,NL,2.8,5,5,0.5,3.07,20,20,0,0,0,0,102.2,89,37,35,11,26,1,115,7,0,3,418,138,3.29,1.12,7.8,1,2.3,10.1,4.42,0,
Zach Davies,19,MIL,NL,2.8,10,7,0.588,3.55,31,31,0,0,0,0,159.2,155,73,63,20,51,0,102,2,0,4,672,125,4.56,1.29,8.7,1.1,2.9,5.7,2,0,
Ian Anderson,21,ATL,NL,2.8,9,5,0.643,3.58,24,24,0,0,0,0,128.1,105,51,51,16,53,2,124,1,0,7,535,121,4.12,1.231,7.4,1.1,3.7,8.7,2.34,0,
Andrew Abbott*,23,CIN,NL,2.8,8,6,0.571,3.87,21,21,0,0,0,0,109.1,100,47,47,16,44,0,120,1,1,1,459,120,4.2,1.317,8.2,1.3,3.6,9.9,2.73,0,
Germán Márquez,19,COL,NL,2.8,12,5,0.706,4.76,28,28,0,1,1,0,174,174,96,92,29,35,0,175,5,1,14,721,108,4.06,1.201,9,1.5,1.8,9.1,5,0,
Tobias Myers,24,MIL,NL,2.7,9,6,0.6,3,27,25,0,0,0,0,138,126,52,46,18,36,0,127,5,5,4,569,138,3.91,1.174,8.2,1.2,2.3,8.3,3.53,0,
Eury Pérez,23,MIA,NL,2.7,5,6,0.455,3.15,19,19,0,0,0,0,91.1,72,35,32,15,31,0,108,2,1,6,374,149,4.11,1.128,7.1,1.5,3.1,10.6,3.48,0,
Michael Wacha,23,SDP,NL,2.7,14,4,0.778,3.22,24,24,0,0,0,0,134.1,113,49,48,15,43,0,124,3,1,3,553,131,3.89,1.161,7.6,1,2.9,8.3,2.88,0,
Spencer Schwellenbach,24,ATL,NL,2.7,8,7,0.533,3.35,21,21,0,0,0,0,123.2,106,49,46,14,23,1,127,6,0,3,500,124,3.29,1.043,7.7,1,1.7,9.2,5.52,0,
Ranger Suárez*,24,PHI,NL,2.7,12,8,0.6,3.46,27,27,0,1,1,0,150.2,140,63,58,14,41,1,145,5,2,1,626,119,3.37,1.201,8.4,0.8,2.4,8.7,3.54,0,
Taijuan Walker,22,NYM,NL,2.7,12,5,0.706,3.49,29,29,0,0,0,0,157.1,143,63,61,15,45,1,132,6,0,0,649,111,3.65,1.195,8.2,0.9,2.6,7.6,2.93,0,
Marcus Stroman,22,CHC,NL,2.7,6,7,0.462,3.5,25,25,0,0,0,0,138.2,123,61,54,16,36,0,119,4,2,2,569,119,3.76,1.147,8,1,2.3,7.7,3.31,0,
Cole Hamels*,19,CHC,NL,2.7,7,7,0.5,3.81,27,27,0,0,0,0,141.2,141,64,60,17,56,1,143,7,0,1,617,116,4.09,1.391,9,1.1,3.6,9.1,2.55,0,
Bryce Elder,23,ATL,NL,2.7,12,4,0.75,3.81,31,31,0,0,0,0,174.2,160,79,74,19,63,0,128,8,1,11,732,114,4.42,1.277,8.2,1,3.2,6.6,2.03,0,
Wade Miley*,23,MIL,NL,2.6,9,4,0.692,3.14,23,23,0,0,0,0,120.1,99,44,42,16,38,0,79,3,0,2,490,137,4.69,1.139,7.4,1.2,2.8,5.9,2.08,0,
Miles Mikolas,22,STL,NL,2.6,12,13,0.48,3.29,33,32,0,1,0,0,202.1,170,81,74,25,39,0,153,6,1,1,805,118,3.87,1.033,7.6,1.1,1.7,6.8,3.92,0,
Zac Gallen,24,ARI,NL,2.6,14,6,0.7,3.65,28,28,0,0,0,0,148,133,62,60,13,54,0,156,4,0,5,621,114,3.38,1.264,8.1,0.8,3.3,9.5,2.89,0,
Taijuan Walker,23,PHI,NL,2.6,15,6,0.714,4.38,31,31,0,0,0,0,172.2,155,87,84,20,71,1,138,8,1,3,733,98,4.53,1.309,8.1,1,3.7,7.2,1.94,0,
Graham Ashcraft,23,CIN,NL,2.6,7,9,0.438,4.76,26,26,0,0,0,0,145.2,148,78,77,23,52,0,111,10,1,3,624,98,5.06,1.373,9.1,1.4,3.2,6.9,2.13,0,
Nick Lodolo*,22,CIN,NL,2.5,4,7,0.364,3.66,19,19,0,0,0,0,103.1,90,44,42,13,39,0,131,19,0,6,441,119,3.9,1.248,7.8,1.1,3.4,11.4,3.36,0,
Freddy Peralta,24,MIL,NL,2.5,11,9,0.55,3.68,32,32,0,0,0,0,173.2,143,74,71,26,68,0,200,10,1,8,725,113,4.16,1.215,7.4,1.3,3.5,10.4,2.94,0,
Alex Cobb,22,SFG,NL,2.5,7,8,0.467,3.73,28,28,0,0,0,0,149.2,152,72,62,9,43,0,151,3,1,4,631,106,2.8,1.303,9.1,0.5,2.6,9.1,3.51,0,
Jose Quintana*,24,NYM,NL,2.5,10,10,0.5,3.75,31,31,0,0,0,0,170.1,150,73,71,22,63,0,135,11,0,7,717,104,4.56,1.25,7.9,1.2,3.3,7.1,2.14,0,
Alex Cobb,23,SFG,NL,2.5,7,7,0.5,3.87,28,28,0,2,1,0,151.1,163,69,65,19,37,0,131,6,5,7,646,108,4.01,1.322,9.7,1.1,2.2,7.8,3.54,0,
Merrill Kelly,21,ARI,NL,2.5,7,11,0.389,4.44,27,27,0,0,0,0,158,163,82,78,21,41,3,130,4,0,2,667,95,4.11,1.291,9.3,1.2,2.3,7.4,3.17,0,
Aaron Nola,21,PHI,NL,2.5,9,9,0.5,4.63,32,32,0,1,1,0,180.2,165,95,93,26,39,1,223,9,1,0,749,90,3.37,1.129,8.2,1.3,1.9,11.1,5.72,0,
Ranger Suárez*,23,PHI,NL,2.4,4,6,0.4,4.18,22,22,0,0,0,0,125,129,59,58,13,48,0,119,2,0,4,540,103,3.9,1.416,9.3,0.9,3.5,8.6,2.48,0,
Germán Márquez,21,COL,NL,2.4,12,11,0.522,4.4,32,32,0,3,1,0,180,165,92,88,21,64,5,176,4,0,15,756,109,3.86,1.272,8.3,1.1,3.2,8.8,2.75,0,
Kyle Freeland*,22,COL,NL,2.4,9,11,0.45,4.53,31,31,0,0,0,0,174.2,193,96,88,19,53,0,131,16,0,4,766,102,4.21,1.408,9.9,1,2.7,6.8,2.47,0,
Adrian Sampson,22,CHC,NL,2.3,4,5,0.444,3.11,21,19,2,0,0,0,104.1,101,40,36,10,27,0,73,2,1,0,428,135,3.79,1.227,8.7,0.9,2.3,6.3,2.7,0,
Jameson Taillon,24,CHC,NL,2.3,12,8,0.6,3.27,28,28,0,0,0,0,165.1,154,67,60,21,33,0,125,1,2,4,675,123,3.92,1.131,8.4,1.1,1.8,6.8,3.79,0,
Clayton Kershaw*,21,LAD,NL,2.3,10,8,0.556,3.55,22,22,0,0,0,0,121.2,103,51,48,15,21,0,144,3,1,7,488,119,3,1.019,7.6,1.1,1.6,10.7,6.86,0,
Ranger Suárez*,22,PHI,NL,2.3,10,7,0.588,3.65,29,29,0,0,0,0,155.1,149,74,63,15,58,0,129,2,2,4,662,109,3.87,1.333,8.6,0.9,3.4,7.5,2.22,0,
Dallas Keuchel*,19,ATL,NL,2.3,8,8,0.5,3.75,19,19,0,0,0,0,112.2,115,50,47,16,39,1,91,9,0,6,487,122,4.72,1.367,9.2,1.3,3.1,7.3,2.33,0,
Joey Lucchesi*,19,SDP,NL,2.3,10,10,0.5,4.18,30,30,0,0,0,0,163.2,144,78,76,23,56,0,158,2,0,8,686,100,4.17,1.222,7.9,1.3,3.1,8.7,2.82,0,
Aaron Nola,23,PHI,NL,2.3,12,9,0.571,4.46,32,32,0,0,0,0,193.2,178,105,96,32,45,0,202,1,0,2,793,96,4.03,1.151,8.3,1.5,2.1,9.4,4.49,0,
Joe Musgrove,23,SDP,NL,2.2,10,3,0.769,3.05,17,17,0,0,0,0,97.1,90,35,33,10,21,1,97,9,1,2,399,138,3.52,1.14,8.3,0.9,1.9,9,4.62,0,
Blake Snell*,22,SDP,NL,2.2,8,10,0.444,3.38,24,24,0,0,0,0,128,103,51,48,11,51,0,171,2,0,6,535,112,2.8,1.203,7.2,0.8,3.6,12,3.35,0,
Johan Oviedo,23,PIT,NL,2.2,9,14,0.391,4.31,32,32,0,1,1,0,177.2,161,91,85,19,83,1,158,13,3,7,781,104,4.49,1.373,8.2,1,4.2,8,1.9,0,
Javier Assad,23,CHC,NL,2.1,5,3,0.625,3.05,32,10,9,0,0,0,109.1,93,38,37,13,41,1,94,3,1,3,449,140,4.29,1.226,7.7,1.1,3.4,7.7,2.29,0,
Blake Snell*,24,SFG,NL,2.1,5,3,0.625,3.12,20,20,0,1,1,0,104,65,38,36,6,44,0,145,1,0,8,418,123,2.43,1.048,5.6,0.5,3.8,12.5,3.3,0,
Justin Verlander,23,NYM,NL,2.1,6,5,0.545,3.15,16,16,0,0,0,0,94.1,77,36,33,9,31,0,81,1,0,3,386,133,3.8,1.145,7.3,0.9,3,7.7,2.61,0,
Justin Steele*,22,CHC,NL,2.1,4,7,0.364,3.18,24,24,0,0,0,0,119,111,53,42,8,50,0,126,3,1,4,512,132,3.2,1.353,8.4,0.6,3.8,9.5,2.52,0,
Eric Lauer*,21,MIL,NL,2.1,7,5,0.583,3.19,24,20,0,0,0,0,118.2,94,46,42,16,41,1,117,2,0,2,489,130,4.04,1.138,7.1,1.2,3.1,8.9,2.85,0,
Dakota Hudson,19,STL,NL,2.1,16,7,0.696,3.35,33,32,1,0,0,1,174.2,160,80,65,22,86,8,136,9,0,5,757,125,4.93,1.408,8.2,1.1,4.4,7,1.58,0,
Jordan Montgomery*,23,STL,NL,2.1,6,9,0.4,3.42,21,21,0,0,0,0,121,116,54,46,12,35,0,108,4,0,3,509,128,3.73,1.248,8.6,0.9,2.6,8,3.09,0,
Cristopher Sánchez*,23,PHI,NL,2.1,3,5,0.375,3.44,19,18,1,0,0,0,99.1,88,44,38,16,16,0,96,3,0,3,396,125,3.99,1.047,8,1.4,1.4,8.7,6,0,
Seth Lugo,23,SDP,NL,2.1,8,7,0.533,3.57,26,26,0,0,0,0,146.1,140,62,58,19,36,0,140,3,0,3,604,118,3.83,1.203,8.6,1.2,2.2,8.6,3.89,0,
Adam Wainwright,22,STL,NL,2.1,11,12,0.478,3.71,32,32,0,1,0,0,191.2,192,80,79,16,54,1,143,7,0,5,803,105,3.66,1.283,9,0.8,2.5,6.7,2.65,0,
Max Scherzer,23,NYM,NL,2.1,9,4,0.692,4.01,19,19,0,0,0,0,107.2,98,49,48,23,30,0,121,3,0,1,444,104,4.7,1.189,8.2,1.9,2.5,10.1,4.03,0,
Jordan Lyles,19,2TM,NL,2.1,12,8,0.6,4.15,28,28,0,0,0,0,141,131,72,65,25,55,2,146,1,0,4,599,106,4.64,1.319,8.4,1.6,3.5,9.3,2.65,0,
Noah Syndergaard,19,NYM,NL,2.1,10,8,0.556,4.28,32,32,0,1,1,0,197.2,194,101,94,24,50,2,202,6,0,4,825,96,3.6,1.234,8.8,1.1,2.3,9.2,4.04,0,
Zac Gallen,21,ARI,NL,2.1,4,10,0.286,4.3,23,23,0,1,1,0,121.1,108,61,58,19,49,1,139,5,0,6,523,98,4.25,1.294,8,1.4,3.6,10.3,2.84,0,
Austin Gomber*,24,COL,NL,2.1,5,12,0.294,4.75,30,30,0,0,0,0,165,178,89,87,30,38,0,116,1,0,3,696,99,4.83,1.309,9.7,1.6,2.1,6.3,3.05,0,
Jesús Luzardo*,22,MIA,NL,2,4,7,0.364,3.32,18,18,0,0,0,0,100.1,69,40,37,10,35,0,120,2,0,5,400,124,3.12,1.037,6.2,0.9,3.1,10.8,3.43,0,
Drew Smyly*,22,CHC,NL,2,7,8,0.467,3.47,22,22,0,0,0,0,106.1,101,46,41,16,26,0,91,5,0,3,447,121,4.23,1.194,8.5,1.4,2.2,7.7,3.5,0,
Adrian Houser,19,MIL,NL,2,6,7,0.462,3.72,35,18,7,0,0,0,111.1,101,49,46,14,37,2,117,5,0,2,462,120,3.88,1.24,8.2,1.1,3,9.5,3.16,0,
Bobby Miller,23,LAD,NL,2,11,4,0.733,3.76,22,22,0,0,0,0,124.1,105,53,52,12,32,0,119,6,0,10,505,114,3.51,1.102,7.6,0.9,2.3,8.6,3.72,0,
Freddy Peralta,23,MIL,NL,2,12,10,0.545,3.86,30,30,0,0,0,0,165.2,131,77,71,26,54,0,210,6,1,6,680,112,3.85,1.117,7.1,1.4,2.9,11.4,3.89,0,
Steven Matz*,23,STL,NL,2,4,7,0.364,3.86,25,17,2,0,0,0,105,108,48,45,11,32,0,98,3,2,2,449,114,3.75,1.333,9.3,0.9,2.7,8.4,3.06,0,
Zach Eflin,21,PHI,NL,2,4,7,0.364,4.17,18,18,0,0,0,0,105.2,116,52,49,15,16,2,99,3,0,2,442,100,3.68,1.249,9.9,1.3,1.4,8.4,6.19,0,
Chase Anderson,19,MIL,NL,2,8,4,0.667,4.21,32,27,1,0,0,0,139,126,67,65,23,50,2,124,8,1,1,592,106,4.83,1.266,8.2,1.5,3.2,8,2.48,0,
Edward Cabrera,23,MIA,NL,2,7,7,0.5,4.24,22,20,0,0,0,0,99.2,78,48,47,11,66,0,118,4,3,1,434,111,4.43,1.445,7,1,6,10.7,1.79,0,
Mitch Keller,24,PIT,NL,2,11,12,0.478,4.25,31,31,0,1,0,0,178,182,90,84,23,50,0,166,15,2,1,773,99,4.08,1.303,9.2,1.2,2.5,8.4,3.32,0,
Kyle Freeland*,21,COL,NL,2,7,8,0.467,4.33,23,23,0,0,0,0,120.2,133,59,58,20,38,1,105,4,0,1,515,111,4.63,1.417,9.9,1.5,2.8,7.8,2.76,0,
Hunter Greene,22,CIN,NL,2,5,13,0.278,4.44,24,24,0,1,1,0,125.2,104,64,62,24,48,0,164,10,0,4,531,98,4.37,1.21,7.4,1.7,3.4,11.7,3.42,0,
Derek Law,24,WSN,NL,1.9,7,4,0.636,2.6,75,0,8,0,0,1,90,82,31,26,7,24,0,76,1,0,6,365,155,3.32,1.178,8.2,0.7,2.4,7.6,3.17,0,
Justin Steele*,24,CHC,NL,1.9,5,5,0.5,3.07,24,24,0,1,0,0,134.2,111,54,46,12,37,0,135,4,0,1,555,131,3.23,1.099,7.4,0.8,2.5,9,3.65,0,
Tyler Glasnow,24,LAD,NL,1.9,9,6,0.6,3.49,22,22,0,0,0,0,134,92,53,52,15,35,0,168,0,1,12,522,112,2.9,0.948,6.2,1,2.4,11.3,4.8,0,
Jose Quintana*,22,PIT,NL,1.9,3,5,0.375,3.5,20,20,0,0,0,0,103,100,43,40,7,31,1,89,2,0,1,432,116,3.23,1.272,8.7,0.6,2.7,7.8,2.87,0,
Tanner Roark,19,CIN,NL,1.9,6,7,0.462,4.24,21,21,0,0,0,0,110.1,119,55,52,14,38,1,108,9,0,0,484,110,4.18,1.423,9.7,1.1,3.1,8.8,2.84,0,
Jake Irvin,24,WSN,NL,1.9,10,14,0.417,4.41,33,33,0,0,0,0,187.2,173,97,92,29,52,1,156,4,1,5,769,91,4.41,1.199,8.3,1.4,2.5,7.5,3,0,
MacKenzie Gore*,23,WSN,NL,1.9,7,10,0.412,4.42,27,27,0,0,0,0,136.1,134,71,67,27,57,0,151,1,0,6,582,96,4.89,1.401,8.8,1.8,3.8,10,2.65,0,
Antonio Senzatela,21,COL,NL,1.9,4,10,0.286,4.42,28,28,0,0,0,0,156.2,178,84,77,12,32,1,105,9,2,4,670,109,3.61,1.34,10.2,0.7,1.8,6,3.28,0,
Miles Mikolas,23,STL,NL,1.9,9,13,0.409,4.78,35,35,0,0,0,0,201.1,226,110,107,26,39,0,137,8,0,4,860,92,4.27,1.316,10.1,1.2,1.7,6.1,3.51,0,
Yoshinobu Yamamoto,24,LAD,NL,1.8,7,2,0.778,3,18,18,0,0,0,0,90,78,32,30,7,22,0,105,1,0,2,368,130,2.61,1.111,7.8,0.7,2.2,10.5,4.77,0,
Adrian Houser,21,MIL,NL,1.8,10,6,0.625,3.22,28,26,0,1,1,0,142.1,118,61,51,12,64,0,105,9,1,9,599,128,4.33,1.279,7.5,0.8,4,6.6,1.64,0,
Gavin Stone,24,LAD,NL,1.8,11,5,0.688,3.53,25,25,0,1,1,0,140.1,133,55,55,18,37,0,116,2,0,9,580,111,4.01,1.211,8.5,1.2,2.4,7.4,3.14,0,
Eric Lauer*,22,MIL,NL,1.8,11,7,0.611,3.69,29,29,0,0,0,0,158.2,135,71,65,27,59,0,157,2,2,5,661,109,4.5,1.223,7.7,1.5,3.3,8.9,2.66,0,
Sonny Gray,24,STL,NL,1.8,13,9,0.591,3.84,28,28,0,0,0,0,166.1,142,79,71,21,39,0,203,3,1,7,671,108,3.12,1.088,7.7,1.1,2.1,11,5.21,0,
Mitch Keller,22,PIT,NL,1.8,5,12,0.294,3.91,31,29,0,0,0,0,159,162,77,69,14,60,1,138,12,1,2,687,104,3.88,1.396,9.2,0.8,3.4,7.8,2.3,0,
Steven Matz*,19,NYM,NL,1.8,11,10,0.524,4.21,32,30,0,1,1,0,160.1,163,83,75,27,52,7,153,7,0,3,691,97,4.6,1.341,9.1,1.5,2.9,8.6,2.94,0,
Tyler Mahle,22,CIN,NL,1.8,5,7,0.417,4.4,19,19,0,0,0,0,104.1,91,53,51,12,39,0,114,2,1,3,440,99,3.6,1.246,7.8,1,3.4,9.8,2.92,0,
Vladimir Gutierrez,21,CIN,NL,1.8,9,6,0.6,4.74,22,22,0,0,0,0,114,115,61,60,20,46,0,88,4,2,3,496,99,5.22,1.412,9.1,1.6,3.6,6.9,1.91,0,
Andre Pallante,22,STL,NL,1.7,6,5,0.545,3.17,47,10,4,0,0,0,108,113,39,38,9,40,2,73,1,0,4,457,123,3.98,1.417,9.4,0.8,3.3,6.1,1.83,0,
Nick Martinez,23,SDP,NL,1.7,6,4,0.6,3.43,63,9,6,0,0,1,110.1,99,45,42,12,40,1,106,3,0,3,461,123,3.92,1.26,8.1,1,3.3,8.6,2.65,0,
Javier Assad,24,CHC,NL,1.7,7,6,0.538,3.73,29,29,0,0,0,0,147,143,64,61,20,63,0,124,5,0,5,638,108,4.64,1.401,8.8,1.2,3.9,7.6,1.97,0,
Andre Pallante,24,STL,NL,1.7,8,8,0.5,3.78,29,20,1,0,0,0,121.1,110,55,51,8,48,0,94,2,2,12,509,110,3.71,1.302,8.2,0.6,3.6,7,1.96,0,
Alex Wood*,21,SFG,NL,1.7,10,4,0.714,3.83,26,26,0,0,0,0,138.2,125,63,59,14,39,1,152,16,0,7,585,108,3.48,1.183,8.1,0.9,2.5,9.9,3.9,0,
Joe Musgrove,24,SDP,NL,1.7,6,5,0.545,3.88,19,19,0,0,0,0,99.2,94,44,43,14,23,0,101,10,0,0,410,105,3.96,1.174,8.5,1.3,2.1,9.1,4.39,0,
Luis Severino,24,NYM,NL,1.7,11,7,0.611,3.91,31,31,0,1,1,0,182,166,86,79,23,60,0,161,11,2,6,761,100,4.21,1.242,8.2,1.1,3,8,2.68,0,
Jared Jones,24,PIT,NL,1.7,6,8,0.429,4.14,22,22,0,0,0,0,121.2,106,60,56,18,39,1,132,5,0,3,504,101,4,1.192,7.8,1.3,2.9,9.8,3.38,0,
Miles Mikolas,19,STL,NL,1.7,9,14,0.391,4.16,32,32,0,1,1,0,184,193,90,85,27,32,1,144,12,2,5,764,101,4.27,1.223,9.4,1.3,1.6,7,4.5,0,
Adam Wainwright,19,STL,NL,1.7,14,10,0.583,4.19,31,31,0,0,0,0,171.2,181,83,80,22,64,7,153,8,0,2,745,100,4.36,1.427,9.5,1.2,3.4,8,2.39,0,
Charlie Morton,22,ATL,NL,1.7,9,6,0.6,4.34,31,31,0,0,0,0,172,149,85,83,28,63,0,205,18,0,4,728,94,4.26,1.233,7.8,1.5,3.3,10.7,3.25,0,
Bailey Falter*,24,PIT,NL,1.7,8,9,0.471,4.43,28,28,0,0,0,0,142.1,138,72,70,17,45,0,97,0,0,0,589,95,4.3,1.286,8.7,1.1,2.8,6.1,2.16,0,
Joe Musgrove,19,PIT,NL,1.7,11,12,0.478,4.44,32,31,0,0,0,0,170.1,168,98,84,21,39,1,157,9,0,2,718,97,3.82,1.215,8.9,1.1,2.1,8.3,4.03,0,
Ryne Nelson,24,ARI,NL,1.6,10,6,0.625,4.24,28,25,1,0,0,1,150.2,155,73,71,17,34,2,126,5,0,4,630,98,3.74,1.254,9.3,1,2,7.5,3.71,0,
Robbie Ray*,19,ARI,NL,1.6,12,8,0.6,4.34,33,33,0,0,0,0,174.1,150,91,84,30,84,5,235,5,0,7,747,103,4.29,1.342,7.7,1.5,4.3,12.1,2.8,0,
Brandon Williamson*,23,CIN,NL,1.6,5,5,0.5,4.46,23,23,0,0,0,0,117,111,63,58,18,39,0,98,2,2,4,491,104,4.63,1.282,8.5,1.4,3,7.5,2.51,0,
Caleb Smith*,19,MIA,NL,1.6,10,11,0.476,4.52,28,28,0,0,0,0,153.1,128,82,77,33,60,2,168,6,1,6,646,95,5.11,1.226,7.5,1.9,3.5,9.9,2.8,0,
Jon Gray,21,COL,NL,1.6,8,12,0.4,4.59,29,29,0,0,0,0,149,140,83,76,21,58,2,157,8,0,7,644,105,4.22,1.329,8.5,1.3,3.5,9.5,2.71,0,
Jakob Junis,22,SFG,NL,1.5,5,7,0.417,4.42,23,17,0,0,0,0,112,120,57,55,13,25,0,98,4,0,1,478,89,3.65,1.295,9.6,1,2,7.9,3.92,0,
Cal Quantrill,24,COL,NL,1.5,8,11,0.421,4.98,29,29,0,0,0,0,148.1,156,83,82,23,69,0,110,11,1,6,656,94,5.32,1.517,9.5,1.4,4.2,6.7,1.59,0,
Keegan Thompson,22,CHC,NL,1.4,10,5,0.667,3.76,29,17,4,0,0,1,115,103,54,48,16,43,0,108,9,0,5,485,111,4.4,1.27,8.1,1.3,3.4,8.5,2.51,0,
Jason Vargas*,19,NYM,NL,1.4,6,5,0.545,4.01,19,18,1,1,1,0,94.1,81,45,42,14,39,2,81,1,0,3,400,102,4.7,1.272,7.7,1.3,3.7,7.7,2.08,0,
Kenta Maeda,19,LAD,NL,1.4,10,8,0.556,4.04,37,26,3,0,0,3,153.2,114,70,69,22,51,1,169,4,0,3,624,102,3.95,1.074,6.7,1.3,3,9.9,3.31,0,
Blake Snell*,21,SDP,NL,1.4,7,6,0.538,4.2,27,27,0,0,0,0,128.2,101,61,60,16,69,1,170,3,1,7,550,92,3.82,1.321,7.1,1.1,4.8,11.9,2.46,0,
Yu Darvish,21,SDP,NL,1.4,8,11,0.421,4.22,30,30,0,0,0,0,166.1,138,81,78,28,44,1,199,8,0,9,681,92,3.9,1.094,7.5,1.5,2.4,10.8,4.52,0,
Tyler Anderson*,21,PIT,NL,1.4,5,8,0.385,4.35,18,18,0,0,0,0,103.1,99,52,50,16,25,0,86,1,0,0,430,98,4.27,1.2,8.6,1.4,2.2,7.5,3.44,0,
Jack Flaherty,23,STL,NL,1.4,7,6,0.538,4.43,20,20,0,0,0,0,109.2,116,56,54,10,54,0,106,8,0,6,485,99,4.2,1.55,9.5,0.8,4.4,8.7,1.96,0,
Eric Lauer*,19,SDP,NL,1.4,8,10,0.444,4.45,30,29,0,0,0,0,149.2,158,82,74,20,51,4,138,5,1,4,651,94,4.23,1.396,9.5,1.2,3.1,8.3,2.71,0,
Trevor Richards,19,MIA,NL,1.4,3,12,0.2,4.5,23,20,1,0,0,0,112,104,56,56,16,51,6,103,5,0,4,483,95,4.73,1.384,8.4,1.3,4.1,8.3,2.02,0,
Madison Bumgarner*,21,ARI,NL,1.4,7,10,0.412,4.67,26,26,0,1,1,0,146.1,134,82,76,24,39,2,124,11,1,2,613,90,4.63,1.182,8.2,1.5,2.4,7.6,3.18,0,
Germán Márquez,22,COL,NL,1.4,9,13,0.409,4.95,31,31,0,0,0,0,181.2,185,109,100,30,63,0,150,4,2,8,779,93,4.71,1.365,9.2,1.5,3.1,7.4,2.38,0,
Kyle Freeland*,23,COL,NL,1.4,6,14,0.3,5.03,29,29,0,0,0,0,155.2,187,96,87,29,42,0,94,1,0,2,677,99,5.3,1.471,10.8,1.7,2.4,5.4,2.24,0,
Huascar Ynoa,21,ATL,NL,1.3,4,6,0.4,4.05,18,17,0,0,0,0,91,76,42,41,14,25,1,100,4,0,4,372,107,3.93,1.11,7.5,1.4,2.5,9.9,4,0,
Zach Eflin,19,PHI,NL,1.3,10,13,0.435,4.13,32,28,3,2,1,0,163.1,172,88,75,28,48,5,129,6,0,1,705,108,4.85,1.347,9.5,1.5,2.6,7.1,2.69,0,
Trevor Rogers*,24,MIA,NL,1.3,2,9,0.182,4.53,21,21,0,0,0,0,105.1,115,58,53,12,46,2,85,3,1,1,472,99,4.43,1.528,9.8,1,3.9,7.3,1.85,0,
Nick Martinez,22,SDP,NL,1.2,4,4,0.5,3.47,47,10,15,0,0,8,106.1,96,44,41,15,41,0,95,4,0,4,448,109,4.43,1.288,8.1,1.3,3.5,8,2.32,0,
Roansy Contreras,22,PIT,NL,1.2,5,5,0.5,3.79,21,18,1,0,0,0,95,82,45,40,13,39,1,86,2,0,11,408,107,4.38,1.274,7.8,1.2,3.7,8.1,2.21,0,
Marcus Stroman,23,CHC,NL,1.2,10,9,0.526,3.95,27,25,1,1,1,0,136.2,120,68,60,9,52,0,119,3,0,3,575,108,3.58,1.259,7.9,0.6,3.4,7.8,2.29,0,
Carlos Carrasco,22,NYM,NL,1.2,15,7,0.682,3.97,29,29,0,0,0,0,152,161,71,67,17,41,2,152,8,0,5,645,97,3.53,1.329,9.5,1,2.4,9,3.71,0,
Colin Rea,24,MIL,NL,1.2,12,6,0.667,4.29,32,27,1,0,0,1,167.2,169,83,80,29,43,1,135,10,0,2,714,97,4.75,1.264,9.1,1.6,2.3,7.2,3.14,0,
Merrill Kelly,19,ARI,NL,1.2,13,14,0.481,4.42,32,32,0,0,0,0,183.1,184,95,90,29,57,4,158,2,0,4,777,101,4.51,1.315,9,1.4,2.8,7.8,2.77,0,
Nick Lodolo*,24,CIN,NL,1.2,9,6,0.6,4.76,21,21,0,0,0,0,115.1,101,62,61,13,37,0,122,18,0,1,493,92,3.95,1.197,7.9,1,2.9,9.5,3.3,0,
Charlie Morton,24,ATL,NL,1.1,8,10,0.444,4.19,30,30,0,0,0,0,165.1,154,85,77,23,65,1,167,18,1,2,701,99,4.46,1.325,8.4,1.3,3.5,9.1,2.57,0,
Ryan Feltner,24,COL,NL,1.1,3,10,0.231,4.49,30,30,0,0,0,0,162.1,165,94,81,20,52,0,138,7,0,4,692,104,4.16,1.337,9.1,1.1,2.9,7.7,2.65,0,
Mike Foltynewicz,19,ATL,NL,1.1,8,6,0.571,4.54,21,21,0,0,0,0,117,109,65,59,23,37,2,105,2,0,5,491,101,4.97,1.248,8.4,1.8,2.8,8.1,2.84,0,
Kwang Hyun Kim*,21,STL,NL,1,7,7,0.5,3.46,27,21,2,0,0,1,106.2,98,46,41,12,39,2,80,4,0,4,452,113,4.34,1.284,8.3,1,3.3,6.8,2.05,0,
Kyle Hendricks,23,CHC,NL,1,6,8,0.429,3.74,24,24,0,0,0,0,137,138,68,57,13,27,0,93,4,0,0,578,114,3.81,1.204,9.1,0.9,1.8,6.1,3.44,0,
Kyle Gibson,24,STL,NL,1,8,8,0.5,4.24,30,30,0,0,0,0,169.2,161,91,80,23,68,1,151,4,0,5,722,98,4.42,1.35,8.5,1.2,3.6,8,2.22,0,
Paolo Espino,21,WSN,NL,1,5,5,0.5,4.27,35,19,11,0,0,1,109.2,108,53,52,19,25,2,92,1,0,1,455,95,4.46,1.213,8.9,1.6,2.1,7.6,3.68,0,
Jason Vargas*,19,2TM,NL,1,7,9,0.438,4.51,30,29,1,1,1,0,149.2,141,84,75,21,63,2,124,6,0,5,649,94,4.76,1.363,8.5,1.3,3.8,7.5,1.97,0,
Jake Irvin,23,WSN,NL,1,3,7,0.3,4.61,24,24,0,0,0,0,121,118,66,62,20,54,0,99,8,1,2,530,92,5.3,1.421,8.8,1.5,4,7.4,1.83,0,
Matt Strahm*,19,SDP,NL,1,6,11,0.353,4.71,46,16,4,0,0,0,114.2,121,61,60,22,22,4,118,7,1,3,487,89,4.41,1.247,9.5,1.7,1.7,9.3,5.36,0,
Hunter Greene,23,CIN,NL,1,4,7,0.364,4.82,22,22,0,0,0,0,112,111,65,60,19,48,0,152,8,0,5,498,97,4.25,1.42,8.9,1.5,3.9,12.2,3.17,0,
David Peterson*,22,NYM,NL,0.9,7,5,0.583,3.83,28,19,0,0,0,0,105.2,93,50,45,11,48,1,126,7,0,3,454,101,3.64,1.334,7.9,0.9,4.1,10.7,2.63,0,
Bryse Wilson,24,MIL,NL,0.9,5,4,0.556,4.04,34,9,7,0,0,0,104.2,102,49,47,20,31,0,82,4,1,3,442,103,5.09,1.271,8.8,1.7,2.7,7.1,2.65,0,
Johnny Cueto,21,SFG,NL,0.9,7,7,0.5,4.08,22,21,0,0,0,0,114.2,127,57,52,15,30,1,98,4,0,0,490,101,4.05,1.369,10,1.2,2.4,7.7,3.27,0,
Zach Davies,22,ARI,NL,0.9,2,5,0.286,4.09,27,27,0,0,0,0,134.1,122,66,61,21,52,0,102,2,0,1,570,98,4.83,1.295,8.2,1.4,3.5,6.8,1.96,0,
Jordan Hicks,24,SFG,NL,0.9,4,7,0.364,4.1,29,20,2,0,0,1,109.2,112,54,50,12,47,0,96,9,2,7,481,93,4.37,1.45,9.2,1,3.9,7.9,2.04,0,
Adrian Houser,23,MIL,NL,0.9,8,5,0.615,4.12,23,21,1,0,0,0,111.1,121,56,51,13,34,0,96,1,0,2,481,105,3.99,1.392,9.8,1.1,2.7,7.8,2.82,0,
Martín Pérez*,24,2TM,NL,0.9,5,6,0.455,4.53,26,26,0,0,0,0,135,151,71,68,22,49,0,107,5,1,2,590,92,4.9,1.481,10.1,1.5,3.3,7.1,2.18,0,
Yu Darvish,23,SDP,NL,0.9,8,10,0.444,4.56,24,24,0,0,0,0,136.1,134,71,69,18,43,0,141,8,1,1,574,93,4.03,1.298,8.8,1.2,2.8,9.3,3.28,0,
Adbert Alzolay,21,CHC,NL,0.9,5,13,0.278,4.58,29,21,1,0,0,1,125.2,112,66,64,25,34,2,128,5,3,2,519,92,4.65,1.162,8,1.8,2.4,9.2,3.76,0,
Matt Waldron,24,SDP,NL,0.9,7,11,0.389,4.91,27,26,0,0,0,0,146.2,145,84,80,21,40,0,133,11,1,5,625,83,4.26,1.261,8.9,1.3,2.5,8.2,3.33,0,
Ross Stripling,19,LAD,NL,0.8,4,4,0.5,3.47,32,15,4,0,0,0,90.2,84,40,35,11,20,0,93,2,0,4,370,119,3.47,1.147,8.3,1.1,2,9.2,4.65,0,
MacKenzie Gore*,24,WSN,NL,0.8,10,12,0.455,3.9,32,32,0,0,0,0,166.1,171,93,72,15,65,0,181,11,0,14,731,103,3.53,1.419,9.3,0.8,3.5,9.8,2.78,0,
Joe Ross,21,WSN,NL,0.8,5,9,0.357,4.17,20,19,0,0,0,0,108,98,57,50,17,34,4,109,8,0,0,460,97,4.36,1.222,8.2,1.4,2.8,9.1,3.21,0,
Jon Lester*,19,CHC,NL,0.8,13,10,0.565,4.46,31,31,0,0,0,0,171.2,205,101,85,26,52,0,165,5,0,3,764,99,4.26,1.497,10.7,1.4,2.7,8.7,3.17,0,
Jose Quintana*,19,CHC,NL,0.8,13,9,0.591,4.68,32,31,0,0,0,0,171,191,100,89,20,46,0,152,2,0,11,745,94,3.8,1.386,10.1,1.1,2.4,8,3.3,0,
Kyle Hendricks,21,CHC,NL,0.8,14,7,0.667,4.77,32,32,0,1,0,0,181,200,101,96,31,44,3,131,13,0,2,785,88,4.89,1.348,9.9,1.5,2.2,6.5,2.98,0,
Drew Pomeranz*,19,2TM,NL,0.8,2,10,0.167,4.85,46,18,4,0,0,2,104,105,58,56,21,44,0,137,4,1,1,455,88,4.59,1.433,9.1,1.8,3.8,11.9,3.11,0,
Graham Ashcraft,22,CIN,NL,0.8,5,6,0.455,4.89,19,19,0,0,0,0,105,119,61,57,11,30,1,71,8,0,9,464,89,4.21,1.419,10.2,0.9,2.6,6.1,2.37,0,
Austin Gomber*,23,COL,NL,0.8,9,9,0.5,5.5,27,27,0,0,0,0,139,164,88,85,26,43,1,87,3,0,5,603,90,5.43,1.489,10.6,1.7,2.8,5.6,2.02,0,
Mitchell Parker*,24,WSN,NL,0.7,7,10,0.412,4.29,29,29,0,0,0,0,151,154,82,72,18,43,0,133,2,0,7,646,94,3.85,1.305,9.2,1.1,2.6,7.9,3.09,0,
Mike Clevinger,22,SDP,NL,0.7,7,7,0.5,4.33,23,22,0,0,0,0,114.1,102,56,55,20,35,0,91,10,0,3,485,87,4.97,1.198,8,1.6,2.8,7.2,2.6,0,
Drew Smyly*,21,ATL,NL,0.7,11,4,0.733,4.48,29,23,2,0,0,0,126.2,133,69,63,27,41,3,117,2,1,5,546,97,5.11,1.374,9.5,1.9,2.9,8.3,2.85,0,
Austin Gomber*,21,COL,NL,0.7,9,9,0.5,4.53,23,23,0,0,0,0,115.1,102,64,58,20,41,2,113,3,0,1,488,106,4.61,1.24,8,1.6,3.2,8.8,2.76,0,
Kyle Harrison*,24,SFG,NL,0.7,7,7,0.5,4.56,24,24,0,0,0,0,124.1,125,65,63,18,42,0,118,7,1,2,532,84,4.33,1.343,9,1.3,3,8.5,2.81,0,
Jake Arrieta,19,PHI,NL,0.7,8,8,0.5,4.64,24,24,0,0,0,0,135.2,149,76,70,21,51,3,110,7,0,7,594,96,4.89,1.474,9.9,1.4,3.4,7.3,2.16,0,
Caleb Smith*,21,ARI,NL,0.7,4,9,0.308,4.83,45,13,4,0,0,0,113.2,93,64,61,20,63,3,124,6,0,2,500,87,5.1,1.372,7.4,1.6,5,9.8,1.97,0,
Pablo López,19,MIA,NL,0.7,5,8,0.385,5.09,21,21,0,0,0,0,111.1,111,64,63,15,27,3,95,11,2,6,469,84,4.28,1.24,9,1.2,2.2,7.7,3.52,0,
Steven Brault*,19,PIT,NL,0.7,4,6,0.4,5.16,25,19,1,0,0,0,113.1,117,69,65,15,53,2,100,7,1,7,505,84,4.76,1.5,9.3,1.2,4.2,7.9,1.89,0,
Chris Archer,19,PIT,NL,0.7,3,9,0.25,5.19,23,23,0,0,0,0,119.2,114,73,69,25,55,2,143,4,0,6,526,83,5.02,1.412,8.6,1.9,4.1,10.8,2.6,0,
Alex Wood*,23,SFG,NL,0.6,5,5,0.5,4.33,29,12,2,0,0,0,97.2,98,52,47,9,42,0,74,8,2,3,429,97,4.47,1.433,9,0.8,3.9,6.8,1.76,0,
Colin Rea,23,MIL,NL,0.6,6,6,0.5,4.55,26,22,1,0,0,0,124.2,110,65,63,23,38,0,110,4,1,2,517,95,4.9,1.187,7.9,1.7,2.7,7.9,2.89,0,
Julio Urías*,23,LAD,NL,0.6,11,8,0.579,4.6,21,21,0,0,0,0,117.1,112,61,60,24,24,0,117,6,1,2,482,94,4.69,1.159,8.6,1.8,1.8,9,4.88,0,
Tylor Megill,23,NYM,NL,0.6,9,8,0.529,4.7,25,25,0,0,0,0,126.1,141,76,66,18,58,0,105,6,0,8,567,89,4.96,1.575,10,1.3,4.1,7.5,1.81,0,
Rich Hill*,23,PIT,NL,0.6,7,10,0.412,4.76,22,22,0,0,0,0,119,129,70,63,15,47,0,104,4,1,1,530,94,4.43,1.479,9.8,1.1,3.6,7.9,2.21,0,
Frankie Montas,24,2TM,NL,0.6,7,11,0.389,4.84,30,30,0,0,0,0,150.2,140,89,81,24,66,0,148,6,0,3,655,89,4.71,1.367,8.4,1.4,3.9,8.8,2.24,0,
Paolo Espino,22,WSN,NL,0.6,0,9,0,4.84,42,19,18,1,0,0,113.1,131,64,61,24,24,0,92,2,0,1,487,81,4.93,1.368,10.4,1.9,1.9,7.3,3.83,0,
Edward Cabrera,24,MIA,NL,0.6,4,8,0.333,4.95,20,20,0,0,0,0,96.1,82,60,53,15,50,0,107,5,1,1,418,91,4.68,1.37,7.7,1.4,4.7,10,2.14,0,
Frankie Montas,24,CIN,NL,0.6,4,8,0.333,5.01,19,19,0,0,0,0,93.1,93,56,52,14,41,0,78,5,0,3,411,88,4.92,1.436,9,1.4,4,7.5,1.9,0,
Josiah Gray,22,WSN,NL,0.6,7,10,0.412,5.02,28,28,0,0,0,0,148.2,136,84,83,38,66,1,154,8,0,7,649,78,5.86,1.359,8.2,2.3,4,9.3,2.33,0,
Taijuan Walker,21,NYM,NL,0.5,7,11,0.389,4.47,30,29,0,0,0,0,159,133,84,79,26,55,0,146,4,0,5,654,90,4.57,1.182,7.5,1.5,3.1,8.3,2.65,0,
Randy Vásquez,24,SDP,NL,0.5,4,7,0.364,4.87,20,20,0,0,0,0,98,119,56,53,13,29,1,62,6,2,5,431,84,4.7,1.51,10.9,1.2,2.7,5.7,2.14,0,
David Peterson*,23,NYM,NL,0.5,3,8,0.273,5.03,27,21,0,1,0,0,111,124,64,62,16,50,0,128,6,0,6,492,83,4.34,1.568,10.1,1.3,4.1,10.4,2.56,0,
JT Brubaker,21,PIT,NL,0.5,5,13,0.278,5.36,24,24,0,0,0,0,124.1,123,75,74,28,38,1,129,9,1,3,538,80,5.16,1.295,8.9,2,2.8,9.3,3.39,0,
Dakota Hudson,22,STL,NL,0.4,8,7,0.533,4.45,27,26,0,0,0,0,139.2,141,71,69,9,61,0,78,9,0,4,596,88,4.34,1.446,9.1,0.6,3.9,5,1.28,0,
Brandon Pfaadt,24,ARI,NL,0.4,11,10,0.524,4.71,32,32,0,0,0,0,181.2,183,103,95,24,42,1,185,4,0,1,760,88,3.61,1.239,9.1,1.2,2.1,9.2,4.4,0,
Kyle Gibson,22,PHI,NL,0.4,10,8,0.556,5.05,31,31,0,0,0,0,167.2,176,98,94,24,48,0,144,9,0,4,718,79,4.28,1.336,9.4,1.3,2.6,7.7,3,0,
Antonio Senzatela,22,COL,NL,0.4,3,7,0.3,5.07,19,19,0,0,0,0,92.1,133,56,52,9,23,0,54,3,0,1,413,91,4.05,1.69,13,0.9,2.2,5.3,2.35,0,
Cal Quantrill,19,SDP,NL,0.4,6,8,0.429,5.16,23,18,0,0,0,0,103,106,61,59,15,28,2,89,3,0,3,443,81,4.28,1.301,9.3,1.3,2.4,7.8,3.18,0,
Trevor Williams,19,PIT,NL,0.4,7,9,0.438,5.38,26,26,0,0,0,0,145.2,162,93,87,27,44,3,113,7,0,2,636,80,5.12,1.414,10,1.7,2.7,7,2.57,0,
Lance Lynn,24,STL,NL,0.3,7,4,0.636,3.84,23,23,0,0,0,0,117.1,113,64,50,16,44,0,109,4,0,3,511,108,4.31,1.338,8.7,1.2,3.4,8.4,2.48,0,
Trevor Williams,21,2TM,NL,0.3,4,2,0.667,4.35,23,15,3,0,0,0,91,105,51,44,11,31,0,90,3,0,0,405,96,3.88,1.495,10.4,1.1,3.1,8.9,2.9,0,
José Ureña,22,2TM,NL,0.3,3,8,0.273,5.01,21,17,1,0,0,0,97,109,62,54,11,43,0,63,1,0,2,432,92,4.65,1.567,10.1,1,4,5.8,1.47,0,
Tyler Mahle,19,CIN,NL,0.3,3,12,0.2,5.14,25,25,0,0,0,0,129.2,136,82,74,25,34,0,129,6,1,2,556,91,4.66,1.311,9.4,1.7,2.4,9,3.79,0,
Patrick Corbin*,23,WSN,NL,0.3,10,15,0.4,5.2,32,32,0,0,0,0,180,210,113,104,33,57,0,124,4,0,6,790,82,5.28,1.483,10.5,1.7,2.9,6.2,2.18,0,
Sean Manaea*,23,SFG,NL,0.2,7,6,0.538,4.44,37,10,2,0,0,1,117.2,104,68,58,14,42,0,128,8,0,3,499,94,3.9,1.241,8,1.1,3.2,9.8,3.05,0,
Michael Wacha,19,STL,NL,0.2,6,7,0.462,4.76,29,24,0,0,0,0,126.2,143,71,67,26,55,4,104,3,0,2,562,88,5.61,1.563,10.2,1.8,3.9,7.4,1.89,0,
Tyler Beede,19,SFG,NL,0.2,5,10,0.333,5.08,24,22,0,0,0,0,117,127,70,66,22,46,1,113,5,0,9,523,82,5.03,1.479,9.8,1.7,3.5,8.7,2.46,0,
Brett Anderson*,21,MIL,NL,0.1,4,9,0.308,4.22,24,24,0,0,0,0,96,102,52,45,11,28,0,58,2,2,0,409,98,4.39,1.354,9.6,1,2.6,5.4,2.07,0,
Anthony DeSclafani,23,SFG,NL,0.1,4,8,0.333,4.88,19,18,0,0,0,0,99.2,105,59,54,15,20,0,79,4,0,3,419,86,4.35,1.254,9.5,1.4,1.8,7.1,3.95,0,
Alex Wood*,22,SFG,NL,0.1,8,12,0.4,5.1,26,26,0,0,0,0,130.2,132,78,74,17,30,1,131,12,0,4,555,77,3.76,1.24,9.1,1.2,2.1,9,4.37,0,
Wil Crowe,21,PIT,NL,0.1,4,8,0.333,5.48,26,25,0,0,0,0,116.2,126,75,71,25,57,1,111,6,1,3,524,78,5.67,1.569,9.7,1.9,4.4,8.6,1.95,0,
Austin Gomber*,22,COL,NL,0.1,5,7,0.417,5.56,33,17,2,0,0,0,124.2,137,80,77,20,34,1,95,2,0,4,529,83,4.54,1.372,9.9,1.4,2.5,6.9,2.79,0,
JT Brubaker,22,PIT,NL,0,3,12,0.2,4.69,28,28,0,0,0,0,144,157,85,75,17,54,0,147,9,2,6,646,87,3.92,1.465,9.8,1.1,3.4,9.2,2.72,0,
Vince Velasquez,19,PHI,NL,0,7,8,0.467,4.91,33,23,2,0,0,0,117.1,120,69,64,26,43,2,130,9,0,5,516,91,5.21,1.389,9.2,2,3.3,10,3.02,0,
Kyle Freeland*,24,COL,NL,0,5,8,0.385,5.24,21,21,0,0,0,0,113.1,134,73,66,22,26,0,85,1,0,1,490,89,4.9,1.412,10.6,1.7,2.1,6.8,3.27,0,
Ryne Nelson,23,ARI,NL,0,8,8,0.5,5.31,29,27,1,0,0,0,144,159,87,85,24,46,0,96,1,1,6,619,83,5.07,1.424,9.9,1.5,2.9,6,2.09,0,
Carson Spiers,24,CIN,NL,0,5,7,0.417,5.46,22,10,4,0,0,0,90.2,112,59,55,20,27,0,80,5,0,0,410,81,5.33,1.533,11.1,2,2.7,7.9,2.96,0,
Ian Anderson,22,ATL,NL,-0.1,10,6,0.625,5,22,22,0,0,0,0,111.2,115,63,62,12,54,0,97,1,0,4,493,82,4.25,1.513,9.3,1,4.4,7.8,1.8,0,
Chad Kuhl,22,COL,NL,-0.1,6,11,0.353,5.72,27,27,0,1,1,0,137,155,91,87,25,58,1,110,5,0,5,617,81,5.26,1.555,10.2,1.6,3.8,7.2,1.9,0,
Ryan Feltner,22,COL,NL,-0.1,4,9,0.308,5.83,20,19,0,0,0,0,97.1,102,65,63,16,35,0,84,5,0,4,428,80,4.76,1.408,9.4,1.5,3.2,7.8,2.4,0,
Trevor Williams,23,WSN,NL,-0.2,6,10,0.375,5.55,30,30,0,0,0,0,144.1,178,97,89,34,53,1,111,5,2,0,659,77,5.98,1.6,11.1,2.1,3.3,6.9,2.09,0,
Tony Gonsolin,23,LAD,NL,-0.3,8,5,0.615,4.98,20,20,0,0,0,0,103,86,61,57,19,40,1,82,7,0,2,435,87,5.43,1.223,7.5,1.7,3.5,7.2,2.05,0,
Drew Smyly*,23,CHC,NL,-0.3,11,11,0.5,5,41,23,4,0,0,0,142.1,147,89,79,26,56,0,141,6,1,9,626,85,4.96,1.426,9.3,1.6,3.5,8.9,2.52,0,
Ryan Weathers*,21,SDP,NL,-0.3,4,7,0.364,5.32,30,18,1,0,0,1,94.2,101,57,56,20,30,1,72,3,1,2,401,73,5.44,1.384,9.6,1.9,2.9,6.8,2.4,0,
Miles Mikolas,24,STL,NL,-0.3,10,11,0.476,5.35,32,32,0,0,0,0,171.2,194,106,102,26,25,0,122,5,1,0,720,78,4.24,1.276,10.2,1.4,1.3,6.4,4.88,0,
Shaun Anderson,19,SFG,NL,-0.3,3,5,0.375,5.44,28,16,4,0,0,2,96,111,61,58,13,38,3,70,2,0,6,427,77,4.77,1.552,10.4,1.2,3.6,6.6,1.84,0,
Mitch Keller,21,PIT,NL,-0.3,5,11,0.313,6.17,23,23,0,0,0,0,100.2,131,69,69,10,49,1,92,7,0,2,470,69,4.3,1.788,11.7,0.9,4.4,8.2,1.88,0,
Jameson Taillon,23,CHC,NL,-0.4,8,10,0.444,4.84,30,29,1,0,0,1,154.1,156,96,83,27,41,0,140,5,0,2,655,88,4.61,1.276,9.1,1.6,2.4,8.2,3.41,0,
Alec Mills,21,CHC,NL,-0.4,6,7,0.462,5.07,32,20,4,0,0,1,119,137,75,67,16,34,2,87,7,0,4,517,83,4.49,1.437,10.4,1.2,2.6,6.6,2.56,0,
Zach Thompson,22,PIT,NL,-0.4,3,10,0.231,5.18,29,22,1,0,0,0,121.2,138,76,70,19,46,0,90,3,0,5,543,79,4.87,1.512,10.2,1.4,3.4,6.7,1.96,0,
Brandon Pfaadt,23,ARI,NL,-0.4,3,9,0.25,5.72,19,18,1,0,0,0,96,109,63,61,22,26,0,94,3,0,0,421,77,5.18,1.406,10.2,2.1,2.4,8.8,3.62,0,
Vince Velasquez,21,2TM,NL,-0.4,3,9,0.25,6.3,25,21,1,0,0,0,94.1,91,68,66,23,49,2,101,4,0,2,417,66,5.88,1.484,8.7,2.2,4.7,9.6,2.06,0,
Aaron Ashby*,22,MIL,NL,-0.5,2,10,0.167,4.44,27,19,2,0,0,1,107.1,106,62,53,15,47,0,126,6,1,7,475,91,4.06,1.425,8.9,1.3,3.9,10.6,2.68,0,
Jon Lester*,21,2TM,NL,-0.5,7,6,0.538,4.71,28,28,0,0,0,0,141.1,159,84,74,25,55,5,91,3,0,0,627,85,5.41,1.514,10.1,1.6,3.5,5.8,1.65,0,
Rich Hill*,23,2TM,NL,-0.5,8,14,0.364,5.41,32,27,3,0,0,0,146.1,165,98,88,23,58,0,129,7,1,2,660,82,4.87,1.524,10.1,1.4,3.6,7.9,2.22,0,
Kevin Gausman,19,2TM,NL,-0.5,3,9,0.25,5.72,31,17,6,0,0,0,102.1,113,71,65,15,32,3,114,5,0,2,451,81,3.98,1.417,9.9,1.3,2.8,10,3.56,0,
Chris Paddack,21,SDP,NL,-0.6,7,7,0.5,5.07,23,22,0,0,0,0,108.1,115,67,61,15,22,1,99,1,0,2,459,77,3.78,1.265,9.6,1.2,1.8,8.2,4.5,0,
Nick Pivetta,19,PHI,NL,-0.6,4,6,0.4,5.38,30,13,8,1,0,1,93.2,103,64,56,20,39,2,89,4,1,4,421,83,5.47,1.516,9.9,1.9,3.7,8.6,2.28,0,
Trevor Rogers*,22,MIA,NL,-0.6,4,11,0.267,5.47,23,23,0,0,0,0,107,116,69,65,15,45,0,106,5,0,5,477,75,4.35,1.505,9.8,1.3,3.8,8.9,2.36,0,
Erick Fedde,22,WSN,NL,-0.6,6,13,0.316,5.81,27,27,0,0,0,0,127,149,84,82,21,58,0,94,0,0,6,573,68,5.15,1.63,10.6,1.5,4.1,6.7,1.62,0,
Adrian Houser,22,MIL,NL,-0.7,6,10,0.375,4.73,22,21,1,0,0,0,102.2,103,66,54,8,47,1,69,2,0,2,455,85,4.21,1.461,9,0.7,4.1,6,1.47,0,
Madison Bumgarner*,22,ARI,NL,-0.7,7,15,0.318,4.88,30,30,0,0,0,0,158.2,179,97,86,25,49,0,112,9,0,2,698,82,4.85,1.437,10.2,1.4,2.8,6.4,2.29,0,
Sean Manaea*,22,SDP,NL,-0.7,8,9,0.471,4.96,30,28,1,0,0,0,158,155,95,87,29,50,1,156,3,0,0,671,76,4.53,1.297,8.8,1.7,2.8,8.9,3.12,0,
Antonio Senzatela,19,COL,NL,-0.7,11,11,0.5,6.71,25,25,0,0,0,0,124.2,161,99,93,19,57,5,76,4,3,1,582,77,5.44,1.749,11.6,1.4,4.1,5.5,1.33,0,
Luke Weaver,23,CIN,NL,-0.7,2,4,0.333,6.87,21,21,0,0,0,0,97,125,76,74,24,34,0,85,3,0,3,448,68,5.86,1.639,11.6,2.2,3.2,7.9,2.5,0,
Mike Minor*,22,CIN,NL,-0.8,4,12,0.25,6.06,19,19,0,0,0,0,98,120,72,66,24,40,4,76,7,0,2,455,72,6.18,1.633,11,2.2,3.7,7,1.9,0,
Chi Chi González,21,COL,NL,-0.8,3,7,0.3,6.46,24,18,1,0,0,0,101.2,127,74,73,18,28,0,56,6,0,2,448,74,5.37,1.525,11.2,1.6,2.5,5,2,0,
Patrick Corbin*,24,WSN,NL,-0.9,6,13,0.316,5.62,32,32,0,0,0,0,174.2,208,114,109,25,54,1,139,3,0,3,764,72,4.41,1.5,10.7,1.3,2.8,7.2,2.57,0,
Zach Davies,21,CHC,NL,-1,6,12,0.333,5.78,32,32,0,0,0,0,148,162,99,95,25,75,2,114,5,0,0,668,73,5.45,1.601,9.9,1.5,4.6,6.9,1.52,0,
Erick Fedde,21,WSN,NL,-1.1,7,9,0.438,5.47,29,27,1,0,0,0,133.1,144,90,81,23,48,6,128,4,1,1,590,74,4.66,1.44,9.7,1.6,3.2,8.6,2.67,0,
Bryse Wilson,22,PIT,NL,-1.1,3,9,0.25,5.52,25,20,0,0,0,0,115.2,132,80,71,20,32,1,79,9,0,2,509,74,5.06,1.418,10.3,1.6,2.5,6.1,2.47,0,
Kyle Freeland*,19,COL,NL,-1.1,3,11,0.214,6.73,22,22,0,0,0,0,104.1,126,85,78,25,39,3,79,2,0,4,473,77,5.99,1.581,10.9,2.2,3.4,6.8,2.03,0,
Dereck Rodríguez,19,SFG,NL,-1.2,6,11,0.353,5.64,28,16,4,0,0,0,99,108,74,62,21,36,0,71,2,0,1,439,74,5.69,1.455,9.8,1.9,3.3,6.5,1.97,0,
Patrick Corbin*,21,WSN,NL,-1.2,9,16,0.36,5.82,31,31,0,0,0,0,171.2,192,114,111,37,60,2,143,3,0,0,751,70,5.41,1.468,10.1,1.9,3.1,7.5,2.38,0,
Jordan Montgomery*,24,ARI,NL,-1.4,8,7,0.533,6.23,25,21,3,0,0,1,117,149,83,81,14,44,3,83,2,0,7,532,67,4.48,1.65,11.5,1.1,3.4,6.4,1.89,0,
Carlos Carrasco,23,NYM,NL,-1.4,3,8,0.273,6.8,20,20,0,0,0,0,90,115,71,68,18,38,0,66,6,1,3,417,61,5.86,1.7,11.5,1.8,3.8,6.6,1.74,0,
Kyle Hendricks,24,CHC,NL,-1.5,4,12,0.25,5.92,29,24,4,0,0,0,130.2,147,88,86,21,43,0,87,3,0,0,567,68,4.98,1.454,10.1,1.4,3,6,2.02,0,
Adam Wainwright,23,STL,NL,-1.9,5,11,0.313,7.4,21,21,0,0,0,0,101,151,89,83,20,41,0,55,1,0,1,484,59,5.99,1.901,13.5,1.8,3.7,4.9,1.34,0,
Patrick Corbin*,22,WSN,NL,-2.3,6,19,0.24,6.31,31,31,0,1,0,0,152.2,210,119,107,27,49,1,128,7,0,2,713,62,4.83,1.697,12.4,1.6,2.9,7.5,2.61,0,
Jake Arrieta,21,2TM,NL,-2.8,5,14,0.263,7.39,24,24,0,0,0,0,98.2,131,91,81,24,44,3,83,6,0,3,469,57,6.17,1.774,11.9,2.2,4,7.6,1.89,0,
